,Project #,OriginalAddress,AppliedDate,Applied Year,CompletedDate,Year Completed,PermitClassGroup,Applicant / Contractor Name,ApplicantName,ContractorName,HousingUnits,EstProjectCost,CommunityName,CommunityCode,Initial Assessment,Final Assessment,AssessmentDifference,Income,Coordinates,Distance To Downtown,Distance To Nearest Transit Stop,Cost Per Unit,Distance to Nearest Park,Distance to Nearest Public Schhol,downtown
0,61,2208R 49 AV SW,2020-11-25,2020,2021-12-03,2021,Townhouse,MODERN OFFICE OF DESIGN & ARCHITECTURE,MODERN OFFICE OF DESIGN & ARCHITECTURE,RNDSQR CONSTRUCTION,6,2024960,ALTADORE,ALT,1716500,1590000,-126500,95000.0,"[-114.114283, 51.01004852]",,,"337,493.33",,,4.864919289477044
1,206,301 7 AV NE,2020-08-06,2020,2021-09-01,2021,Unspecified,JOHN TRINH & ASSOCIATES,JOHN TRINH & ASSOCIATES,GREEN CEDAR HOMES,4,898546,CRESCENT HEIGHTS,CRE,672500,578000,-94500,71500.0,"[-114.0574644, 51.05846412]",,,"224,636.50",,,1.829471523637583
2,214,1814 42 ST SE,2019-06-24,2019,2019-07-10,2019,Townhouse,QAA DESIGNS,QAA DESIGNS,0,4,400000,FOREST LAWN,FLN,342500,269000,-73500,66500.0,"[-113.9726862, 51.03720985]",,,"100,000.00",,,6.985672288607868
3,147,540 22 AV NW,2020-07-16,2020,2022-03-02,2022,Townhouse,KESHVANI GROUP,KESHVANI GROUP,0,4,1082625,MOUNT PLEASANT,MOP,698000,667500,-30500,78000.0,"[-114.0738198, 51.07250584]",,,"270,656.25",,,3.091156871324856
4,138,#1 2001 33 ST SW,2017-09-06,2017,2018-07-27,2018,Unspecified,INTEGER HOMES,INTEGER HOMES,INTEGER HOMES,3,925000,KILLARNEY/GLENGARRY,KIL,437500,549500,112000,87000.0,"[-114.1356624, 51.03614094]",,,"308,333.33",,,4.56041570715781
5,39,3562R 28 AV SW,2020-08-25,2020,2021-10-18,2021,Unspecified,FORMED ALLIANCE ARCHITECTURE STUDIO,FORMED ALLIANCE ARCHITECTURE STUDIO,EAGLE CREST CONSTRUCTION,4,784185,KILLARNEY/GLENGARRY,KIL,628500,865500,237000,87000.0,"[-114.1376922, 51.02860515]",,,"196,046.25",,,4.938617475474669
6,143,#1 430 2 AV NE,2018-07-16,2018,2021-09-02,2021,Townhouse,0,0,0,3,433137,CRESCENT HEIGHTS,CRE,461000,698500,237500,71500.0,"[-114.0526329, 51.05448924]",,,"144,379.00",,,1.7284688745768522
7,221,#2B 460 19 AV NE,2019-10-07,2019,2020-10-30,2020,Unspecified,STONE WEST HOMES,0,STONE WEST HOMES,6,937892,WINSTON HEIGHTS/MOUNTVIEW,WIN,586000,836500,250500,70500.0,"[-114.0528002, 51.0698338]",,,"156,315.33",,,3.0933651134405133
8,164,#3 1313 36 ST SE,2019-09-13,2019,2021-07-16,2021,Townhouse,HABITAT FOR HUMANITY,HABITAT FOR HUMANITY,0,8,1750000,ALBERT PARK/RADISSON HEIGHTS,ALB,1017500,1269500,252000,59600.0,"[-113.9818678, 51.04207958]",,,"218,750.00",,,6.300048513764626
9,209,819 SHAWNEE TC SW,2022-02-08,2022,2022-09-06,2022,Townhouse,CARDEL HOMES,0,CARDEL HOMES,3,771776,SHAWNEE SLOPES,SHS,1372500,1633000,260500,,"[-114.0865605, 50.9237967]",,,"257,258.67",,,13.486725076971947
10,16,#1 1703 37 ST SE,2017-06-07,2017,2019-10-01,2019,Townhouse,DARAFZIN DESIGN AND DEVELOPMENT,DARAFZIN DESIGN AND DEVELOPMENT,0,4,693148,FOREST LAWN,FLN,344500,613500,269000,66500.0,"[-113.9803243, 51.0390408]",,,"173,287.00",,,6.432471336615982
11,128,8912 46 ST NE,2018-03-02,2018,2018-11-19,2018,Apartment,HOMES BY AVI (CANADA),HOMES BY AVI (CANADA),HOMES BY AVI (CANADA),3,548080,SADDLE RIDGE,SAD,725500,1055000,329500,88000.0,"[-113.9655156, 51.13280861]",,,"182,693.33",,,12.29246929563793
12,188,#4 1301 5 ST NE,2020-11-23,2020,2022-10-13,2022,Unspecified,SUNSTAR HOMES,0,SUNSTAR HOMES,4,926222,RENFREW,REN,1016500,1380000,363500,71500.0,"[-114.0509673, 51.0636497]",,,"231,555.50",,,2.561570754868821
13,86,822 CENTRE AV NE,2022-07-31,2022,2023-07-21,2023,Townhouse,INTEGER HOMES,INTEGER HOMES,INTEGER HOMES,3,435798,BRIDGELAND/RIVERSIDE,BRD,437000,921000,484000,65500.0,"[-114.044845, 51.052478]",,,"145,266.00",,,2.077023319234142
14,123,#1 5115 4A ST SW,2018-03-12,2018,2021-03-24,2021,Townhouse,CYNC ARCHITECTURE,CYNC ARCHITECTURE,0,19,3271000,WINDSOR PARK,WND,2740500,3240000,499500,73500.0,"[-114.0742909, 51.00860646]",,,"172,157.89",,,4.020632581360373
15,107,831B 21 AV SE,2022-05-23,2022,2023-06-29,2023,Unspecified,0,0,0,3,1017183,RAMSAY,RAM,938500,1440000,501500,,"[-114.0412329, 51.03425713]",,,"339,061.00",,,2.4391300600710193
16,63,2617 12 AV SE,2019-11-20,2019,2020-11-09,2020,Unspecified,DESIGNHAUS STUDIO,DESIGNHAUS STUDIO,WESTMOUNT PROJECTS,4,761818,ALBERT PARK/RADISSON HEIGHTS,ALB,384000,898000,514000,59600.0,"[-113.9993181, 51.04186074]",,,"190,454.50",,,5.083208878452369
17,118,1640 40 ST SW,2018-06-12,2018,2020-02-27,2020,Townhouse,MAX TAYEFI ARCHITECT,MAX TAYEFI ARCHITECT,0,6,1451655,ROSSCARROCK,RCK,627000,1200000,573000,71000.0,"[-114.1452823, 51.03819702]",,,"241,942.50",,,5.182898202331136
18,145,3810 PARKHILL PL SW,2019-05-16,2019,2020-07-13,2020,Townhouse,ARCHI DESIGN,ARCHI DESIGN,0,3,734557,PARKHILL,PKH,586500,1163000,576500,,"[-114.062263, 51.02126211]",,,"244,852.33",,,2.6951624743119673
19,101,#1 1922 36 ST SW,2017-09-26,2017,2021-05-04,2021,Apartment,MILLENIUM PLUS HOMES RENOVATION,MILLENIUM PLUS HOMES RENOVATION,0,8,1594277,KILLARNEY/GLENGARRY,KIL,1409500,1998500,589000,87000.0,"[-114.1397372, 51.036796885]",,,"199,284.63",,,4.825453673937821
20,158,5036 22 ST SW,2019-11-06,2019,2020-12-28,2020,Unspecified,0,0,0,3,597760,ALTADORE,ALT,319000,944000,625000,95000.0,"[-114.1144772, 51.0088392]",,,"199,253.33",,,4.980333635400801
21,219,#4 4423 BOWNESS RD NW,2020-11-10,2020,2023-03-22,2023,Unspecified,0,0,0,4,837660,MONTGOMERY,MON,384500,1010000,625500,71500.0,"[-114.156745, 51.06964625]",,,"209,415.00",,,6.546136148801859
22,200,#1B 2636 MORLEY TR NW,2017-10-04,2017,2022-05-17,2022,Townhouse,SUNSTAR HOMES,0,SUNSTAR HOMES,8,1891863,BANFF TRAIL,BNF,1130500,1765000,634500,71500.0,"[-114.11029275, 51.076887635]",,,"236,482.88",,,4.470909586307641
23,159,2049B 43 AV SW,2023-01-26,2023,2023-09-27,2023,Unspecified,RICK BALBI ARCHITECT,RICK BALBI ARCHITECT,PROFESSIONAL CUSTOM HOMES,4,778805,ALTADORE,ALT,1435500,2220000,784500,95000.0,"[-114.1091543, 51.01474159]",,,"194,701.25",,,4.2326449951096015
24,18,#2B 1615 20 AV NW,2022-02-07,2022,2023-11-15,2023,Unspecified,FORMED ALLIANCE ARCHITECTURE STUDIO,FORMED ALLIANCE ARCHITECTURE STUDIO,KALAMOIR,4,794822,CAPITOL HILL,CAP,1099000,1958000,859000,71500.0,"[-114.0980901, 51.07041654]",,,"198,705.50",,,3.39276211283171
25,17,1004B 17 AV NW,2021-09-29,2021,2022-09-02,2022,Townhouse,EXACT CONTRACTING,0,EXACT CONTRACTING,3,605522,MOUNT PLEASANT,MOP,602500,1500000,897500,78000.0,"[-114.0832352, 51.06825638]",,,"201,840.67",,,2.7333612464117802
26,141,#1 409 22 AV NE,2017-09-22,2017,2018-07-27,2018,Townhouse,K HICKERSON CONTRACTING,K HICKERSON CONTRACTING,K HICKERSON CONTRACTING,3,500000,WINSTON HEIGHTS/MOUNTVIEW,WIN,382500,1320000,937500,70500.0,"[-114.0556784, 51.07232261]",,,"166,666.67",,,3.270188283267813
27,175,3237B KINSALE RD SW,2020-08-21,2020,2021-06-09,2021,Unspecified,SINCLAIR SIGNATURE HOMES,SINCLAIR SIGNATURE HOMES,SINCLAIR SIGNATURE HOMES,4,773169,KILLARNEY/GLENGARRY,KIL,465500,1450000,984500,87000.0,"[-114.137322, 51.0240208]",,,"193,292.25",,,5.122758973561044
28,160,#1 136 21 AV NE,2020-08-13,2020,2021-11-08,2021,Townhouse,PROFESSIONAL CUSTOM HOMES,PROFESSIONAL CUSTOM HOMES,PEAK CONTRACTING SERVICES,3,1098327,Undefined,UND,424000,1428000,1004000,,"[-114.0603565, 51.07164371]",,,"366,109.00",,,3.0988702119387166
29,203,3814 202 AV SE,2021-03-10,2021,2021-11-12,2021,Unspecified,JAYMAN BUILT,0,JAYMAN BUILT,4,767170,SETON,SET,532000,1559000,1027000,,"[-113.949618, 50.86689795]",,,"191,792.50",,,21.549181251998345
30,56,2111 5 ST NW,2019-05-30,2019,2022-12-08,2022,Townhouse,EAGLE CREST CONSTRUCTION,EAGLE CREST CONSTRUCTION,EAGLE CREST CONSTRUCTION,7,1441654,MOUNT PLEASANT,MOP,483500,1580000,1096500,78000.0,"[-114.0741689, 51.070678465]",,,"205,950.57",,,2.889416735231917
31,190,2002 31 ST SW,2018-04-12,2018,2019-08-13,2019,Townhouse,MP REAL ESTATE VENTURES INC.,MP REAL ESTATE VENTURES INC.,0,4,878217,KILLARNEY/GLENGARRY,KIL,1118500,2236000,1117500,87000.0,"[-114.132023, 51.0361541]",,,"219,554.25",,,4.311613860090823
32,168,#1 908 36 ST SE,2018-11-06,2018,2019-10-25,2019,Townhouse,APLIN MARTIN CONSULTANTS,APLIN MARTIN CONSULTANTS,0,15,771962,FOREST LAWN,FLN,967500,2160000,1192500,66500.0,"[-113.9813485, 51.0449652]",,,"51,464.13",,,6.329295996970512
33,181,2002 26A ST SW,2018-03-16,2018,2019-01-08,2019,Townhouse,TRICOR DESIGN GROUP,TRICOR DESIGN GROUP,0,4,1001326,KILLARNEY/GLENGARRY,KIL,1067500,2267000,1199500,87000.0,"[-114.1246486, 51.03614871]",,,"250,331.50",,,3.8106589735447574
34,185,1050 1 AV NE,2021-08-31,2021,2023-03-29,2023,Townhouse,YOUR PROPERTY,YOUR PROPERTY,YOUR PROPERTY,4,1167258,BRIDGELAND/RIVERSIDE,BRD,1118000,2343318,1225318,65500.0,"[-114.0384672, 51.05334778]",,,"291,814.50",,,2.5246665616435453
35,218,523 8 ST NE,2019-08-16,2019,2020-10-14,2020,Unspecified,BERESINA HOMES,BERESINA HOMES,0,3,900000,BRIDGELAND/RIVERSIDE,BRD,501500,1758500,1257000,65500.0,"[-114.0435687, 51.0570093]",,,"300,000.00",,,2.404282511650241
36,91,2841 36 ST SW,2018-09-12,2018,2020-09-15,2020,Townhouse,MILLENIUM PLUS HOMES RENOVATION,MILLENIUM PLUS HOMES RENOVATION,0,4,772375,KILLARNEY/GLENGARRY,KIL,590500,1848500,1258000,87000.0,"[-114.1399158, 51.02871038]",,,"193,093.75",,,5.079675595991063
37,88,1101 8 AV NE,2018-10-10,2018,2019-11-04,2019,Townhouse,JOHN TRINH & ASSOCIATES,JOHN TRINH & ASSOCIATES,0,4,740007,RENFREW,REN,516500,1795500,1279000,71500.0,"[-114.0362621, 51.05950644]",,,"185,001.75",,,2.9829427359713905
38,82,9021 46 ST NE,2018-02-16,2018,2019-10-08,2019,Unspecified,HOMES BY AVI (CANADA),HOMES BY AVI (CANADA),HOMES BY AVI (CANADA),13,2087483,SADDLE RIDGE,SAD,2745000,4057000,1312000,88000.0,"[-113.9660505, 51.134362470000006]",,,"160,575.62",,,12.40819972845001
39,222,2808 ERLTON ST SW,2019-11-04,2019,2020-11-13,2020,Townhouse,SHEMSHO CONSTRUCTION,0,SHEMSHO CONSTRUCTION,4,852257,ERLTON,ERL,609500,1926000,1316500,68500.0,"[-114.0620188, 51.0285844]",,,"213,064.25",,,1.9235671178188933
40,195,#1 338 3 AV NE,2019-08-17,2019,2020-11-16,2020,Unspecified,MILLENIUM PLUS HOMES RENOVATION,MILLENIUM PLUS HOMES RENOVATION,925357 ALBERTA,4,780399,CRESCENT HEIGHTS,CRE,629000,1951500,1322500,71500.0,"[-114.0556049, 51.05539054]",,,"195,099.75",,,1.64289856672884
41,95,3311 33 ST SW,2019-01-08,2019,2020-01-29,2020,Unspecified,SARINA DEVELOPMENTS,SARINA DEVELOPMENTS,0,4,774900,KILLARNEY/GLENGARRY,KIL,698000,2032000,1334000,87000.0,"[-114.135087, 51.02470663]",,,"193,725.00",,,4.948846259295344
42,165,2836 4 ST NW,2018-09-12,2018,2019-09-17,2019,Unspecified,EAGLE CREST CONSTRUCTION,EAGLE CREST CONSTRUCTION,EAGLE CREST CONSTRUCTION,3,816631,MOUNT PLEASANT,MOP,543000,1879000,1336000,78000.0,"[-114.0712567, 51.07773493]",,,"272,210.33",,,3.669902231499882
43,197,#2 4506 17 AV NW,2019-05-02,2019,2020-06-23,2020,Townhouse,TRICOR DESIGN GROUP,TRICOR DESIGN GROUP,CHANDAN HOMES,4,802100,MONTGOMERY,MON,414000,1785000,1371000,71500.0,"[-114.1584414, 51.06985072]",,,"200,525.00",,,6.663234578234949
44,43,1855 12 ST NW,2020-01-24,2020,2021-02-02,2021,Unspecified,TRICOR DESIGN GROUP,TRICOR DESIGN GROUP,CHANDAN HOMES,4,894279,CAPITOL HILL,CAP,598000,1974000,1376000,71500.0,"[-114.0899619, 51.06835927]",,,"223,569.75",,,2.915187889952829
45,154,1104 40 ST SW,2018-12-24,2018,2021-01-07,2021,Unspecified,0,0,0,4,715000,ROSSCARROCK,RCK,503000,1898500,1395500,71000.0,"[-114.1452992, 51.04313237]",,,"178,750.00",,,5.135681845177148
46,184,2307 1 ST NW,2020-06-19,2020,2021-06-18,2021,Unspecified,MAXVIEW HOMES,0,MAXVIEW HOMES,4,893997,TUXEDO PARK,TUX,533500,1933000,1399500,70500.0,"[-114.0641527, 51.07282169]",,,"223,499.25",,,3.1696960119674036
47,115,1340B 20 AV NW,2021-07-13,2021,2022-08-29,2022,Unspecified,TRICOR DESIGN GROUP,TRICOR DESIGN GROUP,0,4,1689098,CAPITOL HILL,CAP,573500,2000000,1426500,71500.0,"[-114.0920888, 51.07093316]",,,"422,274.50",,,3.23754017358698
48,167,#1B 462 20 AV NW,2022-03-16,2022,2023-11-16,2023,Unspecified,FORMED ALLIANCE ARCHITECTURE STUDIO,FORMED ALLIANCE ARCHITECTURE STUDIO,EAGLE CREST CONSTRUCTION,4,944103,MOUNT PLEASANT,MOP,911000,2360000,1449000,78000.0,"[-114.0708638, 51.07072771]",,,"236,025.75",,,2.8913504970996216
49,204,1431A 10 AV SE,2020-04-24,2020,2021-01-14,2021,Unspecified,BAYWEST HOMES,0,BAYWEST HOMES,4,471101,INGLEWOOD,ING,1216500,2673000,1456500,66000.0,"[-114.0305665, 51.03858448]",,,"117,775.25",,,2.9684366398376385
50,174,#1 532 4 AV NE,2018-05-01,2018,2019-02-21,2019,Townhouse,K HICKERSON CONTRACTING,K HICKERSON CONTRACTING,0,3,711555,BRIDGELAND/RIVERSIDE,BRD,394500,1863500,1469000,65500.0,"[-114.0505351, 51.05619883]",,,"237,185.00",,,1.9627188768644217
51,198,2202 36 ST SW,2018-04-12,2018,2020-02-06,2020,Townhouse,MP REAL ESTATE VENTURES INC.,MP REAL ESTATE VENTURES INC.,0,4,878217,KILLARNEY/GLENGARRY,KIL,566500,2044000,1477500,87000.0,"[-114.1395553, 51.03450471]",,,"219,554.25",,,4.866252405485246
52,213,#1 2436 29 ST SW,2018-09-14,2018,2020-08-28,2020,Townhouse,MP REAL ESTATE VENTURES INC.,MP REAL ESTATE VENTURES INC.,0,4,781775,KILLARNEY/GLENGARRY,KIL,529500,2019500,1490000,87000.0,"[-114.1293794, 51.03191838]",,,"195,443.75",,,4.265178263511542
53,186,1703 24 AV NW,2017-06-06,2017,2018-06-25,2018,Townhouse,STONE WEST HOMES,STONE WEST HOMES,0,4,848982,CAPITOL HILL,CAP,520000,2013500,1493500,71500.0,"[-114.0998816, 51.07415856]",,,"212,245.50",,,3.812430994380275
54,211,3807A 2 ST NW,2019-04-02,2019,2020-04-13,2020,Unspecified,AMAYA ARCHITECTURAL DESIGN,AMAYA ARCHITECTURAL DESIGN,0,4,840566,HIGHLAND PARK,HPK,606000,2101500,1495500,70500.0,"[-114.0668365, 51.08630471]",,,"210,141.50",,,4.6359905341926355
55,205,#1 1816 17 ST SW,2018-02-02,2018,2019-05-27,2019,Townhouse,CALGARY TECHNOLOGY HOMES,0,CALGARY TECHNOLOGY HOMES,4,1151238,BANKVIEW,BNK,778500,2275000,1496500,48800.0,"[-114.1014138, 51.03728675]",,,"287,809.50",,,2.224493144731343
56,29,2004 4 ST NW,2017-11-16,2017,2019-08-26,2019,Townhouse,ELEVATED DEVELOPMENTS,ELEVATED DEVELOPMENTS,0,4,723900,MOUNT PLEASANT,MOP,518000,2016500,1498500,78000.0,"[-114.0713338, 51.06981497]",,,"180,975.00",,,2.7892447663656363
57,22,2432 17 ST NW,2018-09-11,2018,2019-09-09,2019,Townhouse,EAGLE CREST CONSTRUCTION,EAGLE CREST CONSTRUCTION,ARLUX HOMES,4,854900,CAPITOL HILL,CAP,530500,2048000,1517500,71500.0,"[-114.1019454, 51.07386012]",,,"213,725.00",,,3.8605520666132622
58,196,622 2 ST NE,2018-11-22,2018,2020-07-21,2020,Unspecified,SUNSTAR HOMES,SUNSTAR HOMES,0,4,880000,CRESCENT HEIGHTS,CRE,630500,2150000,1519500,71500.0,"[-114.0574388, 51.05777192]",,,"220,000.00",,,1.7667708171842966
59,217,#1 139 24 AV NE,2018-04-02,2018,2020-03-19,2020,Apartment,SUPERIOR DRAFTING & DESIGN,SUPERIOR DRAFTING & DESIGN,0,4,764100,TUXEDO PARK,TUX,498500,2023000,1524500,70500.0,"[-114.0603696, 51.07407011]",,,"191,025.00",,,3.359905461455853
60,73,2123 12 ST NW,2019-08-06,2019,2020-09-29,2020,Unspecified,CALTON DEVELOPMENTS,CALTON DEVELOPMENTS,CALTON DEVELOPMENTS,4,683071,CAPITOL HILL,CAP,565500,2102500,1537000,71500.0,"[-114.0899677, 51.07106067]",,,"170,767.75",,,3.1886923426877147
61,122,1940 32 ST SW,2017-08-30,2017,2018-07-30,2018,Townhouse,MILLENIUM PLUS HOMES RENOVATION,MILLENIUM PLUS HOMES RENOVATION,MILLENIUM PLUS HOMES RENOVATION,4,761397,KILLARNEY/GLENGARRY,KIL,745000,2285000,1540000,87000.0,"[-114.1335408, 51.03636363]",,,"190,349.25",,,4.410180554072624
62,151,#1 2222 24A ST SW,2018-08-29,2018,2019-07-02,2019,Apartment,TRICOR DESIGN GROUP,TRICOR DESIGN GROUP,0,3,700000,RICHMOND,RIC,325500,1866500,1541000,95000.0,"[-114.1191706, 51.03401936]",,,"233,333.33",,,3.514325031156104
63,193,1105 4 ST NE,2020-01-30,2020,2021-09-03,2021,Unspecified,CASABELLA ENTERPRISES 2012,CASABELLA ENTERPRISES 2012,CASABELLA ENTERPRISES 2012,4,935423,RENFREW,REN,584500,2138000,1553500,71500.0,"[-114.0534469, 51.06162591]",,,"233,855.75",,,2.277929196741189
64,93,516 32 ST NW,2019-07-08,2019,2022-04-04,2022,Unspecified,GOLDMARK HOMES,GOLDMARK HOMES,0,5,1308400,PARKDALE,PKD,2019500,3576000,1556500,93000.0,"[-114.1332092, 51.05727863]",,,"261,680.00",,,4.507989918956813
65,179,2109 17 ST NW,2019-07-10,2019,2020-08-14,2020,Apartment,URBAN INDIGO FINE HOMES,URBAN INDIGO FINE HOMES,URBAN INDIGO FINE HOMES,4,802300,CAPITOL HILL,CAP,494500,2062500,1568000,71500.0,"[-114.1022734, 51.07077637]",,,"200,575.00",,,3.591301705026345
66,156,#1 505 6 ST NE,2017-10-12,2017,2020-09-29,2020,Townhouse,KRIEHL DESIGN,KRIEHL DESIGN,0,12,2166210,BRIDGELAND/RIVERSIDE,BRD,1350000,2920000,1570000,65500.0,"[-114.0485216, 51.0563511]",,,"180,517.50",,,2.0822062769103895
67,129,#2 2412 24A ST SW,2020-06-22,2020,2021-03-08,2021,Townhouse,TRICOR DESIGN GROUP,TRICOR DESIGN GROUP,CHANDAN HOMES,4,1288048,RICHMOND,RIC,486000,2063000,1577000,95000.0,"[-114.1191665, 51.03270236]",,,"322,012.00",,,3.5664075937778965
68,127,1521 20 AV NW,2019-11-28,2019,2020-11-10,2020,Unspecified,EAGLE CREST CONSTRUCTION,EAGLE CREST CONSTRUCTION,EAGLE CREST CONSTRUCTION,7,1091265,CAPITOL HILL,CAP,937500,2530000,1592500,71500.0,"[-114.0960314, 51.07041308]",,,"155,895.00",,,3.316965566208878
69,90,5120 21 ST SW,2022-02-24,2022,2023-06-20,2023,Townhouse,KEN HOMES,KEN HOMES,KEN HOMES,4,937717,NORTH GLENMORE PARK,NGM,569500,2170000,1600500,97000.0,"[-114.1117151, 51.00814516]",,,"234,429.25",,,4.930746638368091
70,57,1941 46 ST NW,2018-03-29,2018,2019-10-18,2019,Townhouse,CONSTRUCTED CONCEPT DEVELOPMENTS,CONSTRUCTED CONCEPT DEVELOPMENTS,0,4,876033,MONTGOMERY,MON,371500,1975500,1604000,71500.0,"[-114.1600456, 51.07305786]",,,"219,008.25",,,6.9198559703167195
71,7,111 SETON RO SE,2022-04-06,2022,2023-09-18,2023,Townhouse,BROOKFIELD RESIDENTIAL (ALBERTA),0,BROOKFIELD RESIDENTIAL (ALBERTA),4,765025,SETON,SET,286000,1906000,1620000,,"[-113.9488382, 50.86461415]",,,"191,256.25",,,21.80406291917777
72,75,3218B 26 AV SW,2022-08-11,2022,2023-05-04,2023,Townhouse,KILLARNEY23,KILLARNEY23,PEN LAKE VENTURES,4,759053,KILLARNEY/GLENGARRY,KIL,576000,2220000,1644000,87000.0,"[-114.1334516, 51.0301608]",,,"189,763.25",,,4.5997757429179655
73,172,5103 6 ST SW,2017-08-24,2017,2022-10-14,2022,Townhouse,SINCLAIR SIGNATURE HOMES,SINCLAIR SIGNATURE HOMES,SINCLAIR SIGNATURE HOMES,8,1670100,WINDSOR PARK,WND,1540500,3189000,1648500,73500.0,"[-114.07906565, 51.008394315000004]",,,"208,762.50",,,4.07179839353153
74,113,417 7 ST NW,2019-09-12,2019,2021-01-12,2021,Townhouse,RENOVA HOMES & RENOVATIONS,RENOVA HOMES & RENOVATIONS,RENOVA HOMES & RENOVATIONS,4,650547,SUNNYSIDE,SSD,505000,2159500,1654500,71500.0,"[-114.0815959, 51.05826548]",,,"162,636.75",,,1.6508054226517481
75,13,1502 37 AV SW,2019-05-29,2019,2020-10-13,2020,Townhouse,MATT WILSON VENTURES,MATT WILSON VENTURES,0,5,1273417,ALTADORE,ALT,821500,2479500,1658000,95000.0,"[-114.0948712, 51.02136604]",,,"254,683.40",,,3.0553607165343073
76,70,2176 11 ST NW,2021-03-09,2021,2021-10-26,2021,Unspecified,GOVIND HOMES,0,GOVIND HOMES,4,893588,CAPITOL HILL,CAP,581500,2260500,1679000,71500.0,"[-114.0871687, 51.07104481]",,,"223,397.00",,,3.114674749644738
77,34,3248 18 ST SW,2019-04-02,2019,2020-08-21,2020,Unspecified,0,0,0,4,981994,SOUTH CALGARY,SOC,667500,2355000,1687500,95000.0,"[-114.1042005, 51.02502592]",,,"245,498.50",,,3.1477936438185616
78,153,2320 16A ST SW,2018-02-27,2018,2021-07-02,2021,Townhouse,SUPERIOR DRAFTING & DESIGN,SUPERIOR DRAFTING & DESIGN,0,5,1224349,BANKVIEW,BNK,923500,2653500,1730000,48800.0,"[-114.1002486, 51.03346627]",,,"244,869.80",,,2.345826732923975
79,216,#3B 202 25 AV NW,2021-11-26,2021,2023-10-27,2023,Unspecified,TRICOR DESIGN GROUP,TRICOR DESIGN GROUP,CHANDAN HOMES,4,799400,TUXEDO PARK,TUX,600000,2337000,1737000,70500.0,"[-114.0653281, 51.07528421]",,,"199,850.00",,,3.427882187945982
80,187,#1 1914 1 ST NW,2018-12-14,2018,2019-10-28,2019,Apartment,TRICOR DESIGN GROUP,TRICOR DESIGN GROUP,0,4,935933,TUXEDO PARK,TUX,534500,2311000,1776500,70500.0,"[-114.0637905, 51.06935187]",,,"233,983.25",,,2.795306033305447
81,111,941 38 ST SW,2018-02-27,2018,2021-03-09,2021,Townhouse,K5 DESIGNS,K5 DESIGNS,HADDAD HOMES,8,2454483,ROSSCARROCK,RCK,962000,2749000,1787000,71000.0,"[-114.14259100000001, 51.04354249]",,,"306,810.38",,,4.945014009719761
82,15,2608 RICHMOND RD SW,2017-03-22,2017,2019-01-10,2019,Townhouse,SNAP BUILDING,SNAP BUILDING,0,4,897237,RICHMOND,RIC,477000,2274500,1797500,95000.0,"[-114.1220718, 51.0287169]",,,"224,309.25",,,3.93532785943763
83,96,#3 3355 SPRUCE DR SW,2019-09-11,2019,2020-08-11,2020,Townhouse,JOHN TRINH & ASSOCIATES,JOHN TRINH & ASSOCIATES,SHEMSHO CONSTRUCTION,4,1006087,SPRUCE CLIFF,SPR,471500,2271500,1800000,71000.0,"[-114.1355637, 51.04545892]",,,"251,521.75",,,4.452597215984766
84,180,1613 6 AV NW,2018-07-25,2018,2019-07-23,2019,Apartment,STONE WEST HOMES,STONE WEST HOMES,STONE WEST HOMES,4,700000,HILLHURST,HIL,727500,2536000,1808500,93000.0,"[-114.0971193, 51.05750297]",,,"175,000.00",,,2.2645086790528697
85,208,2828 1 ST NW,2018-10-25,2018,2020-12-29,2020,Townhouse,CAMBRIDGE HOMES,CAMBRIDGE HOMES,CAMBRIDGE HOMES,5,1232218,TUXEDO PARK,TUX,530500,2341500,1811000,70500.0,"[-114.0646831, 51.07772977]",,,"246,443.60",,,3.703408827649219
86,166,641 12 AV NE,2020-08-28,2020,2021-06-16,2021,Unspecified,WESTMOUNT PROJECTS,WESTMOUNT PROJECTS,WESTMOUNT PROJECTS,4,793339,RENFREW,REN,281000,2097500,1816500,71500.0,"[-114.0485073, 51.06296753]",,,"198,334.75",,,2.603964208268073
87,199,1842 38 AV SW,2019-01-08,2019,2020-03-02,2020,Unspecified,WILLIX DEVELOPMENTS,WILLIX DEVELOPMENTS,0,4,934345,ALTADORE,ALT,681500,2506000,1824500,95000.0,"[-114.1046685, 51.02035532]",,,"233,586.25",,,3.550206431460189
88,207,1610 16 AV SW,2017-03-10,2017,2018-04-02,2018,Apartment,RNDSQR,RNDSQR,0,4,1067611,SUNALTA,SNA,702500,2542500,1840000,61200.0,"[-114.0979564, 51.0387407]",,,"266,902.75",,,1.940862517150572
89,149,307 18 ST NW,2022-02-15,2022,2023-08-18,2023,Apartment,VERDEEP UBHI,VERDEEP UBHI,VERDEEP UBHI,3,826606,WEST HILLHURST,WHL,540500,2382000,1841500,93000.0,"[-114.1026885, 51.05467993]",,,"275,535.33",,,2.4208100092585467
90,106,2106 49 AV SW,2019-02-05,2019,2020-03-18,2020,Townhouse,BMP CONSTRUCTION MANAGEMENT,BMP CONSTRUCTION MANAGEMENT,BMP CONSTRUCTION MANAGEMENT,4,963760,ALTADORE,ALT,670000,2536500,1866500,95000.0,"[-114.1094966, 51.0100531]",,,"240,940.00",,,4.668014307864874
91,131,2202 24A ST SW,2021-03-01,2021,2023-04-04,2023,Townhouse,MARKO CILIC,MARKO CILIC,MARKO CILIC,3,1068984,RICHMOND,RIC,506500,2378500,1872000,95000.0,"[-114.1187765, 51.03461308]",,,"356,328.00",,,3.466404095793695
92,9,179 DIEPPE DR SW,2022-09-15,2022,2023-12-01,2023,Townhouse,ANTHEM CURRIE DEVELOPMENTS II,ANTHEM CURRIE DEVELOPMENTS II,ANTHEM CURRIE DEVELOPMENTS II,5,1061911,CURRIE BARRACKS,CUR,1460000,3344000,1884000,,"[-114.1266659, 51.01788383]",,,"212,382.20",,,4.856907897090411
93,148,96 23 ST NW,2019-03-28,2019,2020-06-24,2020,Townhouse,0,0,0,4,839384,WEST HILLHURST,WHL,474000,2358000,1884000,93000.0,"[-114.1152285, 51.05218708]",,,"209,846.00",,,3.1413443698443766
94,54,1750 50 AV SW,2018-05-24,2018,2019-10-09,2019,Townhouse,RNDSQR CONSTRUCTION,RNDSQR CONSTRUCTION,0,4,948049,ALTADORE,ALT,649000,2559500,1910500,95000.0,"[-114.1031777, 51.00883174]",,,"237,012.25",,,4.552656386180083
95,220,2242 26A ST SW,2018-06-27,2018,2019-04-24,2019,Townhouse,URBAN INDIGO FINE HOMES,URBAN INDIGO FINE HOMES,0,4,1000000,KILLARNEY/GLENGARRY,KIL,575000,2488500,1913500,87000.0,"[-114.1250098, 51.0333615]",,,"250,000.00",,,3.923855791455122
96,104,3103 KILDARE CR SW,2021-05-21,2021,2022-06-28,2022,Unspecified,JERRY HOMES,0,JERRY HOMES,4,887942,KILLARNEY/GLENGARRY,KIL,572000,2486500,1914500,87000.0,"[-114.1403455, 51.02684449]",,,"221,985.50",,,5.183930187096151
97,182,1822 38 AV SW,2019-08-22,2019,2021-03-04,2021,Unspecified,WILLIX DEVELOPMENTS,WILLIX DEVELOPMENTS,WILLIX DEVELOPMENTS,4,882900,ALTADORE,ALT,684500,2614500,1930000,95000.0,"[-114.1035811, 51.02035629]",,,"220,725.00",,,3.501499780181338
98,189,4656B 85 ST NW,2022-02-16,2022,2023-09-07,2023,Townhouse,OPTIMA DEVELOPMENTS,OPTIMA DEVELOPMENTS,OPTIMA DEVELOPMENTS,4,868048,BOWNESS,BOW,347500,2300000,1952500,63200.0,"[-114.2103399, 51.0939736]",,,"217,012.00",,,11.116288392078179
99,31,1938 BOWNESS RD NW,2018-09-18,2018,2020-01-13,2020,Townhouse,RNDSQR CONSTRUCTION,RNDSQR CONSTRUCTION,0,4,883100,WEST HILLHURST,WHL,624000,2585000,1961000,93000.0,"[-114.1053767, 51.0513873]",,,"220,775.00",,,2.4554956724142967
100,83,2646 21 AV SW,2021-08-03,2021,2022-09-14,2022,Unspecified,SUNDER CUSTOM HOMES,0,SUNDER CUSTOM HOMES,4,856201,RICHMOND,RIC,633000,2606000,1973000,95000.0,"[-114.1216404, 51.0348169]",,,"214,050.25",,,3.649455391640616
101,157,1703 48 AV SW,2018-03-29,2018,2019-02-06,2019,Townhouse,RNDSQR,RNDSQR,RNDSQR CONSTRUCTION,4,860520,ALTADORE,ALT,703000,2689000,1986000,95000.0,"[-114.1007915, 51.01049694]",,,"215,130.00",,,4.310431075159979
102,171,#1 913 38 ST SW,2022-09-27,2022,2023-09-22,2023,Townhouse,QAA DESIGNS,QAA DESIGNS,INVESTA CUSTOM HOMES,4,708885,ROSSCARROCK,RCK,432500,2422000,1989500,71000.0,"[-114.1427665, 51.04459894]",,,"177,221.25",,,4.9554767739798065
103,210,2401 32 AV SW,2018-03-09,2018,2019-01-14,2019,Unspecified,BMP CONSTRUCTION MANAGEMENT,BMP CONSTRUCTION MANAGEMENT,0,4,924593,RICHMOND,RIC,516500,2507500,1991000,95000.0,"[-114.1146915, 51.02478236]",,,"231,148.25",,,3.7258135133014014
104,191,#3 1536 29 AV SW,2022-03-08,2022,2023-07-18,2023,Townhouse,TRICOR DESIGN GROUP,TRICOR DESIGN GROUP,CHANDAN HOMES,4,1289814,SOUTH CALGARY,SOC,661500,2666500,2005000,95000.0,"[-114.0966812, 51.02779063]",,,"322,453.50",,,2.560415681554779
105,125,2404 28 AV SW,2018-06-28,2018,2020-10-27,2020,Unspecified,SAVILLE HOMES,SAVILLE HOMES,SAVILLE HOMES,8,2340196,RICHMOND,RIC,1369000,3374500,2005500,95000.0,"[-114.1145461, 51.02871778]",,,"292,524.50",,,3.4742046105037487
106,169,#1 1616 15 AV SW,2017-03-28,2017,2018-01-19,2018,Apartment,RNDSQR,RNDSQR,0,4,815400,SUNALTA,SNA,641000,2684000,2043000,61200.0,"[-114.0978888, 51.0396712]",,,"203,850.00",,,1.9032846526481055
107,133,#1 1818 5 ST SW,2018-02-14,2018,2019-05-17,2019,Townhouse,BMP CONSTRUCTION MANAGEMENT,BMP CONSTRUCTION MANAGEMENT,0,4,1144118,CLIFF BUNGALOW,CLI,984000,3092500,2108500,57600.0,"[-114.0740085, 51.03641649]",,,"286,029.50",,,0.9366291931404126
108,2,#21 1710 28 AV SW,2020-12-22,2020,2022-02-14,2022,Unspecified,TRICO HOMES,0,TRICO HOMES,6,1403443,SOUTH CALGARY,SOC,1620000,3738000,2118000,95000.0,"[-114.1004774, 51.02869701]",,,"233,907.17",,,2.6790005952170444
109,76,4007 8 AV SW,2018-07-18,2018,2019-09-20,2019,Townhouse,WEST RIDGE FINE HOMES,WEST RIDGE FINE HOMES,0,4,830000,ROSSCARROCK,RCK,493500,2659000,2165500,71000.0,"[-114.144201, 51.04490471]",,,"207,500.00",,,5.0557594476378425
110,161,1743B 33 AV SW,2020-12-26,2020,2023-10-12,2023,Unspecified,SINCLAIR SIGNATURE HOMES,SINCLAIR SIGNATURE HOMES,SINCLAIR SIGNATURE HOMES,8,2430112,SOUTH CALGARY,SOC,1153000,3330000,2177000,95000.0,"[-114.10206615, 51.0235872]",,,"303,764.00",,,3.159624598516009
111,140,#1 307 2 AV NE,2017-08-14,2017,2018-10-23,2018,Townhouse,MILLENIUM PLUS HOMES RENOVATION,MILLENIUM PLUS HOMES RENOVATION,MILLENIUM PLUS HOMES RENOVATION,6,1159173,CRESCENT HEIGHTS,CRE,942000,3140000,2198000,71500.0,"[-114.0571717, 51.05426157]",,,"193,195.50",,,1.476521874127055
112,194,1807 50 ST NW,2021-11-05,2021,2023-01-11,2023,Townhouse,TRICOR DESIGN GROUP,TRICOR DESIGN GROUP,CHANDAN HOMES,4,902493,MONTGOMERY,MON,405500,2616500,2211000,71500.0,"[-114.1660115, 51.07597119]",,,"225,623.25",,,7.439028470953236
113,173,204B 12 AV NE,2022-04-01,2022,2023-04-14,2023,Townhouse,JOHN TRINH & ASSOCIATES,JOHN TRINH & ASSOCIATES,PARAMOUNT HOMES CONSTRUCTION,4,797367,CRESCENT HEIGHTS,CRE,487000,2700000,2213000,71500.0,"[-114.0597605, 51.06373094]",,,"199,341.75",,,2.276061766538395
114,27,2002 6 AV NW,2019-06-17,2019,2020-12-22,2020,Unspecified,0,0,0,6,1303747,WEST HILLHURST,WHL,576500,2800000,2223500,93000.0,"[-114.10593775000001, 51.058149310000005]",,,"217,291.17",,,2.809247274537942
115,72,206 SHERWOOD LN NW,2017-09-05,2017,2019-04-11,2019,Townhouse,GABLECRAFT HOMES,GABLECRAFT HOMES,EXCEL HOMES LIMITED PARTNERSHIP,11,1818675,SHERWOOD,SHW,1065000,3292500,2227500,102000.0,"[-114.14757130000001, 51.160610774999995]",,,"165,334.09",,,13.926673613478394
116,109,2141B 26 AV SW,2022-02-08,2022,2023-01-27,2023,Townhouse,OPTIMA DEVELOPMENTS,OPTIMA DEVELOPMENTS,OPTIMA DEVELOPMENTS,4,1247180,RICHMOND,RIC,543500,2840000,2296500,95000.0,"[-114.1117208, 51.03002178]",,,"311,795.00",,,3.2303064316917416
117,170,2104 RICHMOND RD SW,2017-08-30,2017,2018-08-28,2018,Townhouse,SARINA DEVELOPMENTS,SARINA DEVELOPMENTS,SARINA DEVELOPMENTS,5,944080,RICHMOND,RIC,577000,2880000,2303000,95000.0,"[-114.1109906, 51.03512416]",,,"188,816.00",,,2.9356299378955333
118,51,253 SETON CI SE,2018-02-28,2018,2018-10-24,2018,Unspecified,JAYMAN BUILT,JAYMAN BUILT,JAYMAN BUILT,16,2856956,SETON,SET,3680000,5986500,2306500,,"[-113.957077075, 50.8701126125]",,,"178,559.75",,,21.016135712735373
119,40,#1 129 SKYVIEW PR NE,2018-03-29,2018,2020-07-13,2020,Townhouse,SKYVIEW EDGE,SKYVIEW EDGE,SKYVIEW EDGE,24,4791800,SKYVIEW RANCH,SKR,4170000,6509500,2339500,88000.0,"[-113.95624135, 51.155982895]",,,"199,658.33",,,14.772594820644631
120,92,2707 2 ST NW,2022-06-23,2022,2023-11-28,2023,Townhouse,YOUR PROPERTY,YOUR PROPERTY,YOUR PROPERTY,4,797115,MOUNT PLEASANT,MOP,519000,2896000,2377000,78000.0,"[-114.0676397, 51.07644706]",,,"199,278.75",,,3.5388836303590376
121,135,5110 20 ST SW,2019-05-07,2019,2020-12-08,2020,Unspecified,RIVERVIEW CUSTOM HOMES,RIVERVIEW CUSTOM HOMES,0,5,441232,NORTH GLENMORE PARK,NGM,762500,3141500,2379000,97000.0,"[-114.1090274, 51.00851628]",,,"88,246.40",,,4.792304929653129
122,84,3860 202 AV SE,2020-10-08,2020,2023-07-12,2023,Townhouse,JAYMAN BUILT,0,JAYMAN BUILT,7,1399753,SETON,SET,973500,3369000,2395500,,"[-113.94841615, 50.867281745]",,,"199,964.71",,,21.543666625192625
123,20,739 SAVANNA LD NE,2020-06-01,2020,2021-01-26,2021,Unspecified,TRUMAN HOMES 1995,TRUMAN HOMES 1995,TRUMAN HOMES 1995,13,2503316,SADDLE RIDGE,SAD,1618000,4021000,2403000,88000.0,"[-113.9661188, 51.13757926666667]",,,"192,562.77",,,12.694362183170327
124,121,#1 2412 17A ST SW,2017-07-06,2017,2018-10-30,2018,Townhouse,CUBIT DESIGN GROUP,CUBIT DESIGN GROUP,MJ HOMES,4,793802,BANKVIEW,BNK,538000,2948500,2410500,48800.0,"[-114.1032493, 51.03278044]",,,"198,450.50",,,2.564387803340945
125,202,3719 16 ST SW,2022-02-01,2022,2023-06-13,2023,Apartment,TRICOR DESIGN GROUP,TRICOR DESIGN GROUP,CHANDAN HOMES,4,1459501,ALTADORE,ALT,694500,3115000,2420500,95000.0,"[-114.1006704, 51.021532]",,,"364,875.25",,,3.2722872713830244
126,177,2183 49 AV SW,2021-05-18,2021,2022-05-04,2022,Unspecified,PROFESSIONAL CUSTOM HOMES,PROFESSIONAL CUSTOM HOMES,0,5,1573958,ALTADORE,ALT,721000,3167500,2446500,95000.0,"[-114.1115264, 51.00983992]",,,"314,791.60",,,4.7687282735812895
127,100,#1 1722 32 ST SW,2019-05-13,2019,2020-05-20,2020,Townhouse,TRICOR DESIGNS,TRICOR DESIGNS,0,8,1475480,SHAGANAPPI,SHG,1203000,3654500,2451500,71000.0,"[-114.13388330000001, 51.038864634999996]",,,"184,435.00",,,4.383540402707746
128,134,2717B 28 AV SW,2019-10-03,2019,2021-09-07,2021,Unspecified,FORMED ALLIANCE ARCHITECTURE STUDIO,FORMED ALLIANCE ARCHITECTURE STUDIO,KALAMOIR,8,2149223,KILLARNEY/GLENGARRY,KIL,1274500,3748000,2473500,87000.0,"[-114.12589495, 51.02840045]",,,"268,652.88",,,4.190603314376083
129,89,51 SAVANNA PA NE,2018-07-31,2018,2019-04-30,2019,Unspecified,HOMES BY AVI (CANADA),HOMES BY AVI (CANADA),HOMES BY AVI (CANADA),11,1679505,SADDLE RIDGE,SAD,1118000,3601500,2483500,88000.0,"[-113.9673325, 51.135009339999996]",,,"152,682.27",,,12.41313619797514
130,152,4 CREEKSIDE BV SW,2021-11-03,2021,2023-10-19,2023,Townhouse,GRAVITY ARCHITECTURE,GRAVITY ARCHITECTURE,STREETSIDE DEVELOPMENT,6,1319086,PINE CREEK,PCK,573000,3094500,2521500,,"[-114.0591041, 50.86287982]",,,"219,847.67",,,20.240992615063714
131,192,1809B 19 ST NW,2021-01-04,2021,2022-06-24,2022,Unspecified,DISTRICT HOMES / ELECTRIM DEVELOPMENT,DISTRICT HOMES / ELECTRIM DEVELOPMENT,DISTRICT HOMES / ELECTRIM DEVELOPMENT,4,1060836,BANFF TRAIL,BNF,1119500,3712500,2593000,71500.0,"[-114.1064631, 51.06824203]",,,"265,209.00",,,3.560148172001953
132,98,2787 19 AV SW,2017-07-25,2017,2020-12-31,2020,Unspecified,0,0,0,7,1393421,KILLARNEY/GLENGARRY,KIL,1000500,3647500,2647000,87000.0,"[-114.12622065, 51.036237485]",,,"199,060.14",,,3.9147662242165335
133,10,10 YORKVILLE RD SW,2021-05-26,2021,2022-06-21,2022,Unspecified,MATTAMY HOMES CALGARY,MATTAMY HOMES CALGARY,MATTAMY HOMES CALGARY,8,1458451,YORKVILLE,YKV,703000,3397000,2694000,,"[-114.077594, 50.8747358]",,,"182,306.38",,,18.907094667548467
134,44,1304 19 AV NW,2018-02-22,2018,2019-09-10,2019,Townhouse,SYSTEMIC ARCHITECTURE,SYSTEMIC ARCHITECTURE,HOMES BY SORENSEN,8,1609483,CAPITOL HILL,CAP,1101500,3952500,2851000,71500.0,"[-114.08974470000001, 51.069640469999996]",,,"201,185.38",,,3.037922660016676
135,112,1705 42 AV SW,2019-12-02,2019,2020-09-29,2020,Unspecified,TRICOR DESIGN GROUP,TRICOR DESIGN GROUP,0,6,2157772,ALTADORE,ALT,802500,3727000,2924500,95000.0,"[-114.1011421, 51.01593995]",,,"359,628.67",,,3.7996372556651266
136,212,2100 17A ST SW,2019-06-17,2019,2021-03-25,2021,Unspecified,ALDEBARAN ENTERPRISES,ALDEBARAN ENTERPRISES,0,6,1750862,BANKVIEW,BNK,1902000,4878500,2976500,48800.0,"[-114.102732, 51.0363678]",,,"291,810.33",,,2.348867522773587
137,103,#4 232 20 AV NE,2020-05-08,2020,2021-12-31,2021,Apartment,HEIRLOOM HOMES,HEIRLOOM HOMES,HEIRLOOM HOMES,4,501395,TUXEDO PARK,TUX,299000,3315000,3016000,70500.0,"[-114.0581394, 51.07073923]",,,"125,348.75",,,3.0471127440028387
138,6,#1 2114 4 AV NW,2018-10-16,2018,2020-09-11,2020,Townhouse,SINCLAIR SIGNATURE HOMES,SINCLAIR SIGNATURE HOMES,SINCLAIR SIGNATURE HOMES,15,3924823,Undefined,UND,2580000,5643000,3063000,,"[-114.10846683333334, 51.056866706666675]",,,"261,654.87",,,2.891322993519467
139,114,1757 45 ST NW,2020-01-31,2020,2022-04-20,2022,Townhouse,CAMBRIDGE HOMES,CAMBRIDGE HOMES,CAMBRIDGE HOMES,8,1943085,MONTGOMERY,MON,940500,4080000,3139500,71500.0,"[-114.16044555, 51.070985185]",,,"242,885.63",,,6.843442218187331
140,64,4102 19 ST SW,2021-02-16,2021,2023-07-27,2023,Unspecified,PE COMFORT HOMES,0,PE COMFORT HOMES,8,2090043,ALTADORE,ALT,1336000,4478500,3142500,95000.0,"[-114.10566125, 51.01811822]",,,"261,255.38",,,3.7865339316138904
141,130,196 LIVINGSTON VW NE,2020-03-12,2020,2021-03-23,2021,Unspecified,HOMES BY AVI (CANADA),0,HOMES BY AVI (CANADA),18,3171905,LIVINGSTON,LIV,1680500,4896500,3216000,,"[-114.067554925, 51.1899992125]",,,"176,216.94",,,16.15570193691419
142,132,2826 15 ST SW,2018-12-13,2018,2021-02-12,2021,Townhouse,TARAPOINT CONSTRUCTION MANAGEMENT,TARAPOINT CONSTRUCTION MANAGEMENT,0,9,1876457,SOUTH CALGARY,SOC,1592000,4824000,3232000,95000.0,"[-114.09646985, 51.028710204999996]",,,"208,495.22",,,2.4758482990799147
143,33,#1 134 22 AV NE,2017-11-14,2017,2019-06-11,2019,Apartment,CHANDAN HOMES,CHANDAN HOMES,0,8,1366934,TUXEDO PARK,TUX,718000,3985500,3267500,70500.0,"[-114.0603255, 51.07255853]",,,"170,866.75",,,3.1977502611907935
144,52,301 KINCORA GLEN RD NW,2018-09-24,2018,2020-07-30,2020,Townhouse,CARLISLE DEVELOPMENTS,CARLISLE DEVELOPMENTS,0,18,2814188,KINCORA,KCA,2307500,5605500,3298000,102000.0,"[-114.14290820000001, 51.16542297666666]",,,"156,343.78",,,14.306994694807655
145,105,#1 643 3 AV NW,2018-02-26,2018,2020-07-30,2020,Apartment,CLEM LAU ARCHITECTS & DESIGNERS,CLEM LAU ARCHITECTS & DESIGNERS,0,4,972742,SUNNYSIDE,SSD,830000,4178000,3348000,71500.0,"[-114.0775596, 51.05943689]",,,"243,185.50",,,1.6824458197191712
146,42,#1 1926 25A ST SW,2017-11-23,2017,2019-03-26,2019,Townhouse,JAYKAY HOMES,JAYKAY HOMES,JAYKAY HOMES,8,1924636,RICHMOND,RIC,1041500,4479500,3438000,95000.0,"[-114.12209655, 51.036704869999994]",,,"240,579.50",,,3.622437990973445
147,137,55 WALGROVE PZ SE,2017-12-15,2017,2020-08-20,2020,Townhouse,CARDEL LIFESTYLES,CARDEL LIFESTYLES,CARDEL LIFESTYLES,20,5136902,WALDEN,WAL,2189000,5657000,3468000,95000.0,"[-114.02525966666667, 50.86539277]",,,"256,845.10",,,20.207397439458447
148,108,25 SAVANNA MR NE,2022-09-15,2022,2023-07-10,2023,Townhouse,HOMES BY AVI (CANADA),0,HOMES BY AVI (CANADA),10,1564653,SADDLE RIDGE,SAD,1128000,4675000,3547000,88000.0,"[-113.9533993, 51.136896925]",,,"156,465.30",,,13.171917707331133
149,59,1511 24 AV SW,2020-01-21,2020,2021-10-05,2021,Unspecified,SHEMSHO CONSTRUCTION,0,SHEMSHO CONSTRUCTION,8,1920083,BANKVIEW,BNK,1038000,4600000,3562000,48800.0,"[-114.09667909999999, 51.03179943]",,,"240,010.38",,,2.252579150781769
150,146,#1 721 1 AV NW,2019-04-12,2019,2022-06-20,2022,Apartment,K5 DESIGNS,K5 DESIGNS,0,8,2326474,SUNNYSIDE,SSD,1588000,5252000,3664000,71500.0,"[-114.0773524, 51.057274995]",,,"290,809.25",,,1.4460493873230915
151,53,#1 1714 KENSINGTON RD NW,2017-06-01,2017,2019-03-19,2019,Apartment,STEALTH HOMES,STEALTH HOMES,0,8,2090263,HILLHURST,HIL,1439500,5126000,3686500,93000.0,"[-114.09843269999999, 51.05262495]",,,"261,282.88",,,2.0529265411975635
152,19,2605 26 AV SW,2017-12-05,2017,2019-05-22,2019,Townhouse,JOHN TRINH & ASSOCIATES,JOHN TRINH & ASSOCIATES,0,7,1993202,RICHMOND,RIC,885000,4601000,3716000,95000.0,"[-114.12131405, 51.02995378]",,,"284,743.14",,,3.8270698345275216
153,155,3902 15A ST SW,2018-03-06,2018,2019-04-04,2019,Unspecified,RANGER HOMES,RANGER HOMES,0,6,2209358,ALTADORE,ALT,565000,4324000,3759000,95000.0,"[-114.0988577, 51.01995135]",,,"368,226.33",,,3.3393839980527535
154,69,#2 6324 BOWWOOD DR NW,2017-10-06,2017,2019-04-15,2019,Townhouse,HABITAT FOR HUMANITY,HABITAT FOR HUMANITY,0,10,2904640,BOWNESS,BOW,932500,4729500,3797000,63200.0,"[-114.1801533, 51.08478712]",,,"290,464.00",,,8.779461076952492
155,117,#1 4411 17 AV NW,2020-07-28,2020,2023-06-20,2023,Townhouse,TRICOR DESIGN GROUP,TRICOR DESIGN GROUP,0,8,2962182,MONTGOMERY,MON,810500,4642000,3831500,71500.0,"[-114.157374, 51.068883525000004]",,,"370,272.75",,,6.550816665450579
156,47,1219 LIVINGSTON WY NE,2017-03-15,2017,2018-01-17,2018,Townhouse,HOMES BY AVI (CANADA),HOMES BY AVI (CANADA),HOMES BY AVI (CANADA),14,2934196,LIVINGSTON,LIV,1422500,5258500,3836000,,"[-114.06667136666665, 51.18583607666667]",,,"209,585.43",,,15.694173826517654
157,71,2007B 22 AV NW,2020-06-03,2020,2021-12-23,2021,Unspecified,FORMED ALLIANCE ARCHITECTURE STUDIO,FORMED ALLIANCE ARCHITECTURE STUDIO,EAGLE CREST CONSTRUCTION,7,1508164,BANFF TRAIL,BNF,597500,4480000,3882500,71500.0,"[-114.1064614, 51.07195028]",,,"215,452.00",,,3.872907082684048
158,183,2305 19 ST NW,2018-01-17,2018,2018-12-05,2018,Townhouse,STONE WEST HOMES,STONE WEST HOMES,0,4,789959,BANFF TRAIL,BNF,1107500,5038500,3931000,71500.0,"[-114.1064745, 51.07272788]",,,"197,489.75",,,3.941392302851096
159,5,#127 8535 19 AV SE,2022-06-23,2022,2023-12-11,2023,Townhouse,MINTO COMMUNITIES,MINTO COMMUNITIES,MINTO COMMUNITIES,11,2313589,BELVEDERE,BVD,2214450,6190000,3975550,,"[-113.9100963, 51.03562324]",,,"210,326.27",,,11.356865529625093
160,110,5109 19 ST SW,2021-11-19,2021,2023-07-19,2023,Townhouse,APARTMENT BUILDING,APARTMENT BUILDING,TAMSON DEVELOPMENTS,7,1957955,NORTH GLENMORE PARK,NGM,815500,4862500,4047000,97000.0,"[-114.1066379, 51.00858142]",,,"279,707.86",,,4.6976130366696385
161,142,1701 31 AV SW,2020-08-26,2020,2022-01-27,2022,Unspecified,TRICOR DESIGN GROUP,TRICOR DESIGN GROUP,CHANDAN HOMES,7,1675545,SOUTH CALGARY,SOC,627500,4712500,4085000,95000.0,"[-114.0997828, 51.02543881]",,,"239,363.57",,,2.899786745791057
162,45,103 CRANBROOK WK SE,2017-08-03,2017,2018-10-24,2018,Townhouse,BROOKFIELD RESIDENTIAL (ALBERTA),BROOKFIELD RESIDENTIAL (ALBERTA),BROOKFIELD RESIDENTIAL (ALBERTA),10,1483998,CRANSTON,CRA,4470400,8685000,4214600,102000.0,"[-113.9763855, 50.86435327]",,,"148,399.80",,,21.14338254531978
163,139,406 SHAWNEE SQ SW,2023-03-10,2023,2023-12-22,2023,Townhouse,NORR ARCHITECTS ENGINEERS PLANNERS,NORR ARCHITECTS ENGINEERS PLANNERS,0,6,1341370,SHAWNEE SLOPES,SHS,332000,4551000,4219000,,"[-114.0832925, 50.92187523]",,,"223,561.67",,,13.684517917751945
164,150,2105 6 ST NW,2018-10-19,2018,2020-02-12,2020,Apartment,STONE WEST HOMES,STONE WEST HOMES,0,8,1443073,MOUNT PLEASANT,MOP,1141000,5385500,4244500,78000.0,"[-114.07650179999999, 51.070654485]",,,"180,384.13",,,2.900350030599752
165,126,1540 30 AV SW,2018-08-13,2018,2019-10-23,2019,Townhouse,MEIGA DEVELOPMENT CORPORATION,MEIGA DEVELOPMENT CORPORATION,0,4,1700000,SOUTH CALGARY,SOC,1238500,5720000,4481500,95000.0,"[-114.0968429, 51.02687066]",,,"425,000.00",,,2.6440549027135316
166,8,471 LIVINGSTON WY NE,2022-11-17,2022,2023-12-13,2023,Unspecified,HOMES BY AVI (CANADA),0,HOMES BY AVI (CANADA),18,3147798,LIVINGSTON,LIV,672000,5367000,4695000,,"[-114.04991436666667, 51.186704420000005]",,,"174,877.67",,,15.86081691014058
167,41,846 CORNERSTONE BV NE,2018-06-05,2018,2020-03-12,2020,Townhouse,SHANE HOMES,SHANE HOMES,0,25,5333734,CORNERSTONE,CNS,3985000,8955000,4970000,,"[-113.93777054, 51.152195762000005]",,,"213,349.36",,,15.18181734060167
168,55,1621 CORNERSTONE BV NE,2017-10-12,2017,2018-09-10,2018,Townhouse,JAYMAN BUILT,JAYMAN BUILT,0,21,3569043,CORNERSTONE,CNS,1856000,6974500,5118500,,"[-113.93846255, 51.163345205]",,,"169,954.43",,,16.147122120362347
169,136,#7B 1313B 20 AV NW,2021-07-13,2021,2022-09-28,2022,Townhouse,FORMED ALLIANCE ARCHITECTURE STUDIO,FORMED ALLIANCE ARCHITECTURE STUDIO,0,8,1740706,CAPITOL HILL,CAP,602000,5910000,5308000,71500.0,"[-114.0906781, 51.07041526]",,,"217,588.25",,,3.1433604080556674
170,30,302 32 AV NE,2018-10-17,2018,2023-11-29,2023,Townhouse,STEALTH HOMES,STEALTH HOMES,0,8,2185559,HIGHLAND PARK,HPK,898500,6259500,5361000,70500.0,"[-114.0570878, 51.081623045]",,,"273,194.88",,,4.230277087492342
171,215,#101 408 27 AV NE,2018-04-09,2018,2020-07-21,2020,Townhouse,CLEM LAU ARCHITECTS & DESIGNERS,CLEM LAU ARCHITECTS & DESIGNERS,0,17,3196329,WINSTON HEIGHTS/MOUNTVIEW,WIN,2800000,8339000,5539000,70500.0,"[-114.055071, 51.07706496]",,,"188,019.35",,,3.782260959237881
172,3,116 CREEKSIDE BV SW,2019-10-28,2019,2023-12-13,2023,Townhouse,GRAVITY ARCHITECTURE,GRAVITY ARCHITECTURE,STREETSIDE DEVELOPMENT,16,3500810,PINE CREEK,PCK,1037500,6768000,5730500,,"[-114.05910953333334, 50.86188192333333]",,,"218,800.63",,,20.35182953449103
173,79,1910 48 ST NW,2017-07-10,2017,2023-05-26,2023,Townhouse,JG DESIGN,JG DESIGN,MAGNAT DEVELOPMENTS,16,4109997,MONTGOMERY,MON,1536000,7671500,6135500,71500.0,"[-114.162944575, 51.074350620000004]",,,"256,874.81",,,7.165695892466175
174,163,#101 8485 64 AV NW,2018-11-16,2018,2023-02-10,2023,Townhouse,GRAVITY ARCHITECTURE,GRAVITY ARCHITECTURE,0,32,5170122,SILVER SPRINGS,SIL,4290000,10615500,6325500,111000.0,"[-114.2095282, 51.11065087]",,,"161,566.31",,,12.090922163506342
175,97,315 NOLANCREST HT NW,2017-04-13,2017,2019-05-24,2019,Townhouse,CARDEL LIFESTYLES,CARDEL LIFESTYLES,CARDEL LIFESTYLES,29,5846830,NOLAN HILL,NOL,4004000,10342500,6338500,,"[-114.16776626000001, 51.1749974]",,,"201,614.83",,,15.956631889296805
176,67,1468 CORNERSTONE BV NE,2021-09-25,2021,2023-12-08,2023,Unspecified,0,0,0,16,2789811,CORNERSTONE,CNS,1522500,7963500,6441000,,"[-113.93799689999999, 51.160233446666666]",,,"174,363.19",,,15.885049017704088
177,176,#210 101 PANATELLA SQ NW,2019-05-10,2019,2022-05-06,2022,Townhouse,SEIKA ARCHITECTURE,SEIKA ARCHITECTURE,EAGLE CREST CONSTRUCTION,19,2770000,PANORAMA HILLS,PAN,479000,7035000,6556000,92000.0,"[-114.0711645, 51.16957287]",,,"145,789.47",,,13.881658899968901
178,144,2222 5 ST SW,2021-06-04,2021,2023-07-31,2023,Townhouse,KNIGHTSBRIDGE CUSTOM HOME BUILDERS,KNIGHTSBRIDGE CUSTOM HOME BUILDERS,KNIGHTSBRIDGE CUSTOM HOME BUILDERS,6,1735458,CLIFF BUNGALOW,CLI,758000,7440000,6682000,57600.0,"[-114.0736427, 51.03258709]",,,"289,243.00",,,1.3561686063497427
179,102,#3 4320 BOWNESS RD NW,2018-09-21,2018,2022-08-30,2022,Townhouse,JOHN TRINH & ASSOCIATES,JOHN TRINH & ASSOCIATES,GREEN CEDAR HOMES,16,2944373,MONTGOMERY,MON,1018500,8026000,7007500,71500.0,"[-114.154325775, 51.068317730000004]",,,"184,023.31",,,6.330807278285719
180,201,#308 10060 46 ST NE,2021-10-01,2021,2023-06-06,2023,Townhouse,GRAVITY ARCHITECTURE,GRAVITY ARCHITECTURE,ROHIT COMMUNITIES CALGARY,21,3795768,SADDLE RIDGE,SAD,434000,7527500,7093500,88000.0,"[-113.96447309999999, 51.13577037]",,,"180,750.86",,,12.59950352569362
181,99,#6B 2015 22 ST SW,2021-12-14,2021,2023-11-21,2023,Townhouse,FORMED ALLIANCE ARCHITECTURE STUDIO,FORMED ALLIANCE ARCHITECTURE STUDIO,KALAMOIR,9,1670810,RICHMOND,RIC,1367000,8480000,7113000,95000.0,"[-114.11385949999999, 51.03532227]",,,"185,645.56",,,3.115837721763974
182,124,733 MARINE DR SE,2019-08-07,2019,2021-08-24,2021,Unspecified,BAYWEST HOMES,0,BAYWEST HOMES,18,3299984,MAHOGANY,MAH,1294000,8534000,7240000,102000.0,"[-113.92551675, 50.89078158]",,,"183,332.44",,,19.95241642272739
183,119,7840 8A AV SW,2019-01-25,2019,2020-03-20,2020,Townhouse,TRUMAN HOMES 1995,TRUMAN HOMES 1995,0,16,4746372,WEST SPRINGS,WSP,1782000,9294000,7512000,133000.0,"[-114.1996306, 51.06201534]",,,"296,648.25",,,9.133590574489213
184,14,62 WALDEN LN SE,2018-01-04,2018,2023-12-12,2023,Townhouse,ROCKFORD WALDEN,ROCKFORD WALDEN,ROCKFORD WALDEN,36,6719363,WALDEN,WAL,3143000,10665500,7522500,95000.0,"[-114.02901971666667, 50.868636540000004]",,,"186,648.97",,,19.80989396233657
185,48,7 WOLF CREEK DR SE,2021-12-21,2021,2023-04-17,2023,Townhouse,ALLISTON AT HOME,ALLISTON AT HOME,0,18,3945239,WOLF WILLOW,WWO,1470500,9004000,7533500,,"[-114.00922735, 50.87689972]",,,"219,179.94",,,19.171215721997566
186,162,648 CORNERSTONE BV NE,2020-06-11,2020,2023-08-30,2023,Unspecified,SUNSTAR HOMES CORNERSTONE DEVELOPMENTS LTD.,SUNSTAR HOMES CORNERSTONE DEVELOPMENTS LTD.,SUNSTAR HOMES,19,3711702,CORNERSTONE,CNS,2422500,10133500,7711000,,"[-113.93776807500001, 51.1498975775]",,,"195,352.74",,,14.981763938051317
187,78,1254 CARRINGTON BV NW,2018-11-21,2018,2020-05-28,2020,Townhouse,TRUMAN HOMES 1995,TRUMAN HOMES 1995,TRUMAN HOMES 1995,36,6480912,CARRINGTON,CAR,4037000,11819000,7782000,,"[-114.08952883333333, 51.17898278777778]",,,"180,025.33",,,14.978642242410013
188,66,1367 CORNERSTONE BV NE,2019-08-08,2019,2023-11-02,2023,Unspecified,STEALTH HOMES,0,STEALTH HOMES,21,4330917,CORNERSTONE,CNS,1429500,9641500,8212000,,"[-113.938464925, 51.158718955]",,,"206,234.14",,,15.729921449232366
189,32,442 SETON CI SE,2020-11-13,2020,2023-04-03,2023,Townhouse,AVALON MASTER BUILDER,0,AVALON MASTER BUILDER,48,6902105,SETON,SET,753000,9009500,8256500,,"[-113.95423733333332, 50.86882521333333]",,,"143,793.85",,,21.224933998396082
190,62,248 CARRINGHAM WY NW,2022-10-25,2022,2023-10-17,2023,Unspecified,MATTAMY HOMES CALGARY,MATTAMY HOMES CALGARY,MATTAMY (ABERDEEN HEIGHTS),16,3493309,CARRINGTON,CAR,446000,8713000,8267000,,"[-114.092693375, 51.184609637499996]",,,"218,331.81",,,15.62127111227708
191,60,3414 15 ST SW,2017-12-15,2017,2020-01-31,2020,Townhouse,JF HOMES HOLDING LTD.,JF HOMES HOLDING LTD.,0,16,3207029,SOUTH CALGARY,SOC,504500,8863000,8358500,95000.0,"[-114.0968658, 51.02362083666667]",,,"200,439.31",,,2.926245247205028
192,81,#2302 200 SETON CI SE,2022-05-03,2022,2023-11-07,2023,Townhouse,LOGEL HOMES,LOGEL HOMES,LOGEL HOMES,64,10680668,SETON,SET,1060000,10007500,8947500,,"[-113.9558397, 50.8703796]",,,"166,885.44",,,21.022057486931807
193,24,242 CITYSCAPE BV NE,2017-11-28,2017,2019-03-07,2019,Unspecified,MATTAMY HOMES CALGARY,MATTAMY HOMES CALGARY,0,35,5434159,CITYSCAPE,CSC,2146500,11946500,9800000,,"[-113.9621298375, 51.147172922500005]",,,"155,261.69",,,13.729258107771264
194,120,11149 CITYSCAPE DR NE,2022-07-21,2022,2023-11-21,2023,Unspecified,MATTAMY HOMES CALGARY,MATTAMY HOMES CALGARY,MATTAMY HOMES CALGARY,27,5628196,CITYSCAPE,CSC,1671000,12571500,10900500,,"[-113.95563441428571, 51.15207573285714]",,,"208,451.70",,,14.434723852275239
195,85,1381 LEGACY CI SE,2017-06-02,2017,2019-06-13,2019,Townhouse,GRAVITY ARCHITECTURE,GRAVITY ARCHITECTURE,0,50,8865343,LEGACY,LEG,5296000,16670500,11374500,95000.0,"[-114.00227394545455, 50.85922478545455]",,,"177,306.86",,,21.196099497281526
196,65,#5B 1506 10 AV SE,2020-10-21,2020,2022-03-30,2022,Unspecified,PROFESSIONAL CUSTOM HOMES,PROFESSIONAL CUSTOM HOMES,PEAK CONTRACTING SERVICES,11,3932109,INGLEWOOD,ING,503000,12600000,12097000,66000.0,"[-114.0292341, 51.0386837]",,,"357,464.45",,,3.056711506585194
197,223,51 CRESTRIDGE CM SW,2019-06-05,2019,2022-07-15,2022,Townhouse,GRAVITY ARCHITECTURE,GRAVITY ARCHITECTURE,PARTNERS DEVELOPMENT GROUP,6,1162075,CRESTMONT,CRM,537115,12821664,12284549,133000.0,"[-114.2590511, 51.08086775]",,,"193,679.17",,,13.683012871857587
198,178,2032B 18 AV NW,2021-07-20,2021,2022-09-28,2022,Unspecified,PROFESSIONAL CUSTOM HOMES,PROFESSIONAL CUSTOM HOMES,0,13,3930804,BANFF TRAIL,BNF,1851000,14200000,12349000,71500.0,"[-114.1078405, 51.06913075]",,,"302,369.54",,,3.698048278959278
199,116,191 LES JARDINS PA SE,2021-07-08,2021,2023-12-08,2023,Townhouse,NORR ARCHITECTS ENGINEERS PLANNERS,NORR ARCHITECTS ENGINEERS PLANNERS,JAYMAN BUILT MULTI FAMILY,24,5419219,DOUGLASDALE/GLEN,DDG,195000,13260000,13065000,102000.0,"[-114.004648575, 50.957445275]",,,"225,800.79",,,10.786145456170912
200,12,525 SAGE HILL RD NW,2021-10-13,2021,2023-09-27,2023,Unspecified,CALBRIDGE HOMES,0,CALBRIDGE HOMES,35,7034625,SAGE HILL,SGH,3299500,16452000,13152500,,"[-114.14964198888889, 51.17519918111111]",,,"200,989.29",,,15.48956045674078
201,26,230 ALPINE AV SW,2021-12-01,2021,2023-10-27,2023,Unspecified,GENESIS BUILDERS GROUP,GENESIS BUILDERS GROUP,GENESIS BUILDERS GROUP,27,6303983,ALPINE PARK,ALP,1109500,15433000,14323500,,"[-114.1420602125, 50.916065528749996]",,,"233,480.85",,,15.127205385722553
202,36,36 CITYSIDE GV NE,2021-05-26,2021,2023-03-15,2023,Unspecified,MATTAMY HOMES CALGARY,MATTAMY HOMES CALGARY,MATTAMY HOMES CALGARY,38,7077901,CITYSCAPE,CSC,2351500,16695500,14344000,,"[-113.96759403000001, 51.144078104]",,,"186,260.55",,,13.231448163514896
203,46,55 CITYSCAPE RO NE,2017-04-06,2017,2021-08-04,2021,Townhouse,MATTAMY HOMES CALGARY,MATTAMY HOMES CALGARY,MATTAMY HOMES CALGARY,64,10298655,CITYSCAPE,CSC,3364500,18168000,14803500,,"[-113.96015451666666, 51.15338331]",,,"160,916.48",,,14.381476959744946
204,28,231 LUCAS BV NW,2018-05-18,2018,2022-05-27,2022,Unspecified,DAYTONA HOMES CALGARY LP,0,DAYTONA HOMES CALGARY LP,57,10932754,LIVINGSTON,LIV,5072500,20299500,15227000,,"[-114.07593522941177, 51.18603154823529]",,,"191,802.70",,,15.714238107215426
205,80,#4 90 AMBLESIDE PA NW,2022-03-18,2022,2023-05-19,2023,Townhouse,TRUMAN HOMES 1995,TRUMAN HOMES 1995,TRUMAN HOMES 1995,5,1167492,AMBLETON,ABT,3446800,18860000,15413200,,"[-114.1165833, 51.18345672]",,,"233,498.40",,,15.737812231318472
206,68,232 AUBURN MEADOWS MR SE,2018-06-07,2018,2022-07-15,2022,Townhouse,BROOKFIELD RESIDENTIAL (ALBERTA),BROOKFIELD RESIDENTIAL (ALBERTA),BROOKFIELD RESIDENTIAL (ALBERTA),56,8536046,AUBURN BAY,AUB,2966500,18984000,16017500,102000.0,"[-113.94599434444444, 50.89337783777778]",,,"152,429.39",,,18.99883255621758
207,37,260 HARVEST HILLS WY NE,2019-02-26,2019,2021-07-14,2021,Townhouse,NORR ARCHITECTS ENGINEERS PLANNERS,NORR ARCHITECTS ENGINEERS PLANNERS,CEDARGLEN LIVING,67,15421330,HARVEST HILLS,HAR,1940000,18572500,16632500,92000.0,"[-114.04249806923077, 51.15093347]",,,"230,169.10",,,11.985907766749031
208,38,6 BELVEDERE AV SE,2021-05-03,2021,2023-12-13,2023,Unspecified,ALLISTON AT HOME,ALLISTON AT HOME,0,46,9759915,BELVEDERE,BVD,2190500,19289000,17098500,,"[-113.90609324545454, 51.04092934727273]",,,"212,172.07",,,11.598530517698654
209,11,130 TUSCANY SUMMIT SQ NW,2018-11-26,2018,2023-11-02,2023,Townhouse,ROCKFORD TUSCANY,ROCKFORD TUSCANY,ROCKFORD TUSCANY,52,8293789,TUSCANY,TUS,703000,18947000,18244000,111000.0,"[-114.2549334375, 51.14129398125]",,,"159,495.94",,,16.694529950432514
210,1,11 CARRINGHAM WY NW,2022-07-15,2022,2023-12-15,2023,Townhouse,MATTAMY HOMES CALGARY,MATTAMY HOMES CALGARY,MATTAMY (ABERDEEN HEIGHTS),40,8502810,CARRINGTON,CAR,672000,19949500,19277500,,"[-114.0900712888889, 51.186815242222224]",,,"212,570.25",,,15.849764310542758
211,77,421 SAGE HILL GV NW,2017-05-25,2017,2020-04-17,2020,Townhouse,CLEM LAU ARCHITECTS & DESIGNERS,CLEM LAU ARCHITECTS & DESIGNERS,0,75,13965466,SAGE HILL,SGH,2593000,24121500,21528500,,"[-114.13514633636363, 51.17229136181818]",,,"186,206.21",,,14.855578583539192
212,21,156 WOLF HOLLOW PA SE,2019-04-05,2019,2022-07-25,2022,Unspecified,STEPPER HOMES,0,STEPPER HOMES,71,13993700,WOLF WILLOW,WWO,1761000,24476500,22715500,,"[-113.99901075, 50.874440468125]",,,"197,094.37",,,19.61147750842984
213,94,101 HOMESTEAD BV NE,2020-11-17,2020,2023-10-25,2023,Unspecified,PARTNERS DEVELOPMENT GROUP,PARTNERS DEVELOPMENT GROUP,PARTNERS DEVELOPMENT GROUP,58,9238186,HOMESTEAD,HSD,2562000,26430500,23868500,,"[-113.9134354875, 51.114923791875]",,,"159,279.07",,,13.54366228902021
214,50,3028B 85 ST SW,2020-04-27,2020,2022-03-22,2022,Unspecified,TRUMAN HOMES 1995,TRUMAN HOMES 1995,TRUMAN HOMES 1995,52,8774755,SPRINGBANK HILL,SPH,1290000,26111000,24821000,133000.0,"[-114.21051307, 51.026443396999994]",,,"168,745.29",,,9.904554003889004
215,87,#110 6527 36 AV NW,2019-05-28,2019,2023-07-19,2023,Townhouse,FORMED ALLIANCE ARCHITECTURE STUDIO,FORMED ALLIANCE ARCHITECTURE STUDIO,ONYX HOMES,34,5806351,BOWNESS,BOW,5185000,30040000,24855000,63200.0,"[-114.1842037, 51.08558538]",,,"170,775.03",,,9.068595501964309
216,74,#22 1426 23 AV NW,2018-11-23,2018,2020-09-09,2020,Townhouse,JACKSON MCCORMICK DESIGN GROUP,JACKSON MCCORMICK DESIGN GROUP,0,24,5491540,CAPITOL HILL,CAP,1406000,27040000,25634000,71500.0,"[-114.0935569, 51.07331876]",,,"228,814.17",,,3.5210582687327983
217,49,1142 SAGE HILL GV NW,2022-01-10,2022,2023-12-11,2023,Townhouse,TRICO HOMES,0,TRICO HOMES,64,13683507,SAGE HILL,SGH,4471500,31002500,26531000,,"[-114.13918504444445, 51.17323838111111]",,,"213,804.80",,,15.041814023788518
218,25,#701 50 CORNERSTONE PS NE,2021-04-30,2021,2023-01-24,2023,Townhouse,TRUMAN HOMES 1995,TRUMAN HOMES 1995,TRUMAN HOMES 1995,85,17901685,CORNERSTONE,CNS,4900000,32826000,27926000,,"[-113.9436723846154, 51.16434592461538]",,,"210,608.06",,,16.032177704680315
219,23,876 CORNERSTONE BV NE,2021-09-13,2021,2023-10-03,2023,Townhouse,NORR ARCHITECTS ENGINEERS PLANNERS,NORR ARCHITECTS ENGINEERS PLANNERS,SHANE HOMES,80,17006940,CORNERSTONE,CNS,3760000,35849500,32089500,,"[-113.93659985384616, 51.15332387615385]",,,"212,586.75",,,15.330909659019328
220,4,#254 301 REDSTONE BV NE,2017-01-27,2017,2023-12-14,2023,Townhouse,NORR ARCHITECTS ENGINEERS PLANNERS,NORR ARCHITECTS ENGINEERS PLANNERS,STREETSIDE DEVELOPMENT,126,24803034,REDSTONE,RSN,2383000,41542000,39159000,,"[-113.95127266399999, 51.17005829359999]",,,"196,849.48",,,16.281988275357982
221,35,863 CRANSTON AV SE,2017-08-31,2017,2023-10-16,2023,Unspecified,BROOKFIELD RESIDENTIAL (ALBERTA),0,BROOKFIELD RESIDENTIAL (ALBERTA),141,24145078,CRANSTON,CRA,4763000,50132910,45369910,102000.0,"[-113.97663830869564, 50.865634005217395]",,,"171,241.69",,,21.002673565381368
222,0,#406 5030 84 AV NE,2022-11-16,2022,2023-11-27,2023,Townhouse,RICK BALBI ARCHITECT,RICK BALBI ARCHITECT,0,30,4333200,SADDLE RIDGE,SAD,3400000,77760000,74360000,88000.0,"[-113.9623052, 51.12897805]",,,"144,440.00",,,12.096693364793206
223,58,59 WOLF CREEK AV SE,2020-04-08,2020,2023-10-19,2023,Unspecified,LOOK MASTER BUILDER CALGARY,LOOK MASTER BUILDER CALGARY,0,64,17906580,WOLF WILLOW,WWO,3802000,199725410,195923410,,"[-114.00658922, 50.87508383666667]",,,"279,790.31",,,19.410545000069884
