Project #,OriginalAddress,AppliedDate,Applied Year,CompletedDate,Year Completed,PermitClassGroup,Applicant / Contractor Name,ApplicantName,ContractorName,HousingUnits,EstProjectCost,CommunityName,CommunityCode,Initial Assessment,Final Assessment,AssessmentDifference,Income,Coordinates,Distance To Downtown,Distance To Nearest Transit Stop,Cost Per Unit,Distance to Nearest Park,Distance to Nearest Public School,ROI,Classification
61,2208R 49 AV SW,2020-11-25,2020,2021-12-03,2021,Townhouse,MODERN OFFICE OF DESIGN & ARCHITECTURE,MODERN OFFICE OF DESIGN & ARCHITECTURE,RNDSQR CONSTRUCTION,6,2024960,ALTADORE,ALT,1716500,1590000,-126500,113000,"[-114.114283, 51.01004852]",4.864919289,0.136413834,337493.3333,0.144614642,0.240817275,-0.58,0
206,301 7 AV NE,2020-08-06,2020,2021-09-01,2021,Unspecified,JOHN TRINH & ASSOCIATES,JOHN TRINH & ASSOCIATES,GREEN CEDAR HOMES,4,898546,CRESCENT HEIGHTS,CRE,672500,578000,-94500,83000,"[-114.0574644, 51.05846412]",1.829471524,0.212609697,224636.5,0.316202894,0.604036558,-0.63,0
214,1814 42 ST SE,2019-06-24,2019,2019-07-10,2019,Townhouse,QAA DESIGNS,QAA DESIGNS,0,4,400000,FOREST LAWN,FLN,342500,269000,-73500,73000,"[-113.9726862, 51.03720985]",6.985672289,0.064091116,100000,0.29501019,0.252733602,-0.64,0
147,540 22 AV NW,2020-07-16,2020,2022-03-02,2022,Townhouse,KESHVANI GROUP,KESHVANI GROUP,0,4,1082625,MOUNT PLEASANT,MOP,698000,667500,-30500,92000,"[-114.0738198, 51.07250584]",3.091156871,0.15765241,270656.25,0.102182862,0.256634795,-0.63,0
138,#1 2001 33 ST SW,2017-09-06,2017,2018-07-27,2018,Unspecified,INTEGER HOMES,INTEGER HOMES,INTEGER HOMES,3,925000,KILLARNEY/GLENGARRY,KIL,437500,549500,112000,101000,"[-114.1356624, 51.03614094]",4.560415707,0.186812411,308333.3333,0.36417123,0.489613805,-0.60,0
39,3562R 28 AV SW,2020-08-25,2020,2021-10-18,2021,Unspecified,FORMED ALLIANCE ARCHITECTURE STUDIO,FORMED ALLIANCE ARCHITECTURE STUDIO,EAGLE CREST CONSTRUCTION,4,784185,KILLARNEY/GLENGARRY,KIL,628500,865500,237000,101000,"[-114.1376922, 51.02860515]",4.938617475,0.153743935,196046.25,0.238602412,0.099569064,-0.39,0
143,#1 430 2 AV NE,2018-07-16,2018,2021-09-02,2021,Townhouse,0,0,0,3,433137,CRESCENT HEIGHTS,CRE,461000,698500,237500,83000,"[-114.0526329, 51.05448924]",1.728468875,0.106862408,144379,0.257149334,0.089804334,-0.22,0
221,#2B 460 19 AV NE,2019-10-07,2019,2020-10-30,2020,Unspecified,STONE WEST HOMES,0,STONE WEST HOMES,6,937892,WINSTON HEIGHTS/MOUNTVIEW,WIN,586000,836500,250500,80000,"[-114.0528002, 51.0698338]",3.093365113,0.233029134,156315.3333,0.204582171,0.055331765,-0.45,0
164,#3 1313 36 ST SE,2019-09-13,2019,2021-07-16,2021,Townhouse,HABITAT FOR HUMANITY,HABITAT FOR HUMANITY,0,8,1750000,ALBERT PARK/RADISSON HEIGHTS,ALB,1017500,1269500,252000,65500,"[-113.9818678, 51.04207958]",6.300048514,0.012271013,218750,0.481469944,0.428253813,-0.54,0
80,#4 90 AMBLESIDE PA NW,2022-03-18,2022,2023-05-19,2023,Townhouse,TRUMAN HOMES 1995,TRUMAN HOMES 1995,TRUMAN HOMES 1995,5,1167492,AMBLETON,ABT,3446800,18860000,15413200,127000,"[-114.1165833, 51.18345672]",15.73781223,0.411857918,233498.4,0.184902956,0.532428248,3.09,2
16,#1 1703 37 ST SE,2017-06-07,2017,2019-10-01,2019,Townhouse,DARAFZIN DESIGN AND DEVELOPMENT,DARAFZIN DESIGN AND DEVELOPMENT,0,4,693148,FOREST LAWN,FLN,344500,613500,269000,73000,"[-113.9803243, 51.0390408]",6.432471337,0.087877466,173287,0.303994941,0.265141943,-0.41,0
128,8912 46 ST NE,2018-03-02,2018,2018-11-19,2018,Apartment,HOMES BY AVI (CANADA),HOMES BY AVI (CANADA),HOMES BY AVI (CANADA),3,548080,SADDLE RIDGE,SAD,725500,1055000,329500,98000,"[-113.9655156, 51.13280861]",12.2924693,0.041301427,182693.3333,0.257436933,0.377727197,-0.17,0
188,#4 1301 5 ST NE,2020-11-23,2020,2022-10-13,2022,Unspecified,SUNSTAR HOMES,0,SUNSTAR HOMES,4,926222,RENFREW,REN,1016500,1380000,363500,83000,"[-114.0509673, 51.0636497]",2.561570755,0.041256146,231555.5,0.149204165,0.364951002,-0.29,0
86,822 CENTRE AV NE,2022-07-31,2022,2023-07-21,2023,Townhouse,INTEGER HOMES,INTEGER HOMES,INTEGER HOMES,3,435798,BRIDGELAND/RIVERSIDE,BRD,437000,921000,484000,76000,"[-114.044845, 51.052478]",2.077023319,0.083655736,145266,0.107963933,0.205603687,0.06,0
123,#1 5115 4A ST SW,2018-03-12,2018,2021-03-24,2021,Townhouse,CYNC ARCHITECTURE,CYNC ARCHITECTURE,0,19,3271000,WINDSOR PARK,WND,2740500,3240000,499500,83000,"[-114.0742909, 51.00860646]",4.020632581,0.214097491,172157.8947,0.269978699,0.374631792,-0.46,0
26,230 ALPINE AV SW,2021-12-01,2021,2023-10-27,2023,Unspecified,GENESIS BUILDERS GROUP,GENESIS BUILDERS GROUP,GENESIS BUILDERS GROUP,27,6303983,ALPINE PARK,ALP,1109500,15433000,14323500,122000,"[-114.1420602125, 50.916065528749996]",15.12720539,0.073693159,233480.8519,0.177808255,1.404262689,1.08,2
63,2617 12 AV SE,2019-11-20,2019,2020-11-09,2020,Unspecified,DESIGNHAUS STUDIO,DESIGNHAUS STUDIO,WESTMOUNT PROJECTS,4,761818,ALBERT PARK/RADISSON HEIGHTS,ALB,384000,898000,514000,65500,"[-113.9993181, 51.04186074]",5.083208878,0.102324963,190454.5,0.058471378,0.521376629,-0.22,0
118,1640 40 ST SW,2018-06-12,2018,2020-02-27,2020,Townhouse,MAX TAYEFI ARCHITECT,MAX TAYEFI ARCHITECT,0,6,1451655,ROSSCARROCK,RCK,627000,1200000,573000,82000,"[-114.1452823, 51.03819702]",5.182898202,0.05951294,241942.5,0.28016013,0.338195176,-0.42,0
5,#127 8535 19 AV SE,2022-06-23,2022,2023-12-11,2023,Townhouse,MINTO COMMUNITIES,MINTO COMMUNITIES,MINTO COMMUNITIES,11,2313589,BELVEDERE,BVD,2214450,6190000,3975550,59200,"[-113.9100963, 51.03562324]",11.35686553,0.236979978,210326.2727,0.100225638,2.298181897,0.37,1
101,#1 1922 36 ST SW,2017-09-26,2017,2021-05-04,2021,Apartment,MILLENIUM PLUS HOMES RENOVATION,MILLENIUM PLUS HOMES RENOVATION,0,8,1594277,KILLARNEY/GLENGARRY,KIL,1409500,1998500,589000,101000,"[-114.1397372, 51.036796885]",4.825453674,0.097269116,199284.625,0.352280754,0.320911806,-0.33,0
158,5036 22 ST SW,2019-11-06,2019,2020-12-28,2020,Unspecified,0,0,0,3,597760,ALTADORE,ALT,319000,944000,625000,113000,"[-114.1144772, 51.0088392]",4.980333635,0.015242517,199253.3333,0.120686193,0.120274968,0.03,0
219,#4 4423 BOWNESS RD NW,2020-11-10,2020,2023-03-22,2023,Unspecified,0,0,0,4,837660,MONTGOMERY,MON,384500,1010000,625500,81000,"[-114.156745, 51.06964625]",6.546136149,0.038817305,209415,0.213621521,0.348616481,-0.17,0
200,#1B 2636 MORLEY TR NW,2017-10-04,2017,2022-05-17,2022,Townhouse,SUNSTAR HOMES,0,SUNSTAR HOMES,8,1891863,BANFF TRAIL,BNF,1130500,1765000,634500,81000,"[-114.11029275, 51.076887635]",4.470909586,0.03500161,236482.875,0.157503207,0.405545018,-0.42,0
159,2049B 43 AV SW,2023-01-26,2023,2023-09-27,2023,Unspecified,RICK BALBI ARCHITECT,RICK BALBI ARCHITECT,PROFESSIONAL CUSTOM HOMES,4,778805,ALTADORE,ALT,1435500,2220000,784500,113000,"[-114.1091543, 51.01474159]",4.232644995,0.0189235,194701.25,0.260084823,0.504098124,0.00,0
18,#2B 1615 20 AV NW,2022-02-07,2022,2023-11-15,2023,Unspecified,FORMED ALLIANCE ARCHITECTURE STUDIO,FORMED ALLIANCE ARCHITECTURE STUDIO,KALAMOIR,4,794822,CAPITOL HILL,CAP,1099000,1958000,859000,81000,"[-114.0980901, 51.07041654]",3.392762113,0.025600011,198705.5,0.157669265,0.448270834,0.03,0
17,1004B 17 AV NW,2021-09-29,2021,2022-09-02,2022,Townhouse,EXACT CONTRACTING,0,EXACT CONTRACTING,3,605522,MOUNT PLEASANT,MOP,602500,1500000,897500,92000,"[-114.0832352, 51.06825638]",2.733361246,0.124240068,201840.6667,0.301456692,0.300100522,0.24,0
141,#1 409 22 AV NE,2017-09-22,2017,2018-07-27,2018,Townhouse,K HICKERSON CONTRACTING,K HICKERSON CONTRACTING,K HICKERSON CONTRACTING,3,500000,WINSTON HEIGHTS/MOUNTVIEW,WIN,382500,1320000,937500,80000,"[-114.0556784, 51.07232261]",3.270188283,0.057841858,166666.6667,0.46164731,0.390951442,0.50,1
175,3237B KINSALE RD SW,2020-08-21,2020,2021-06-09,2021,Unspecified,SINCLAIR SIGNATURE HOMES,SINCLAIR SIGNATURE HOMES,SINCLAIR SIGNATURE HOMES,4,773169,KILLARNEY/GLENGARRY,KIL,465500,1450000,984500,101000,"[-114.137322, 51.0240208]",5.122758974,0.065085635,193292.25,0.144179563,0.324119128,0.17,0
38,6 BELVEDERE AV SE,2021-05-03,2021,2023-12-13,2023,Unspecified,ALLISTON AT HOME,ALLISTON AT HOME,0,46,9759915,BELVEDERE,BVD,2190500,19289000,17098500,59200,"[-113.90609324545454, 51.04092934727273]",11.59853052,0.155961897,212172.0652,0.237481685,2.086211437,0.61,1
78,1254 CARRINGTON BV NW,2018-11-21,2018,2020-05-28,2020,Townhouse,TRUMAN HOMES 1995,TRUMAN HOMES 1995,TRUMAN HOMES 1995,36,6480912,CARRINGTON,CAR,4037000,11819000,7782000,113000,"[-114.08952883333333, 51.17898278777778]",14.97864224,0.3192731,180025.3333,0.139222558,0.870432884,0.12,0
56,2111 5 ST NW,2019-05-30,2019,2022-12-08,2022,Townhouse,EAGLE CREST CONSTRUCTION,EAGLE CREST CONSTRUCTION,EAGLE CREST CONSTRUCTION,7,1441654,MOUNT PLEASANT,MOP,483500,1580000,1096500,92000,"[-114.0741689, 51.070678465]",2.889416735,0.181415427,205950.5714,0.115685078,0.461277569,-0.18,0
190,2002 31 ST SW,2018-04-12,2018,2019-08-13,2019,Townhouse,MP REAL ESTATE VENTURES INC.,MP REAL ESTATE VENTURES INC.,0,4,878217,KILLARNEY/GLENGARRY,KIL,1118500,2236000,1117500,101000,"[-114.132023, 51.0361541]",4.31161386,0.177158688,219554.25,0.109873926,0.671860633,0.12,0
168,#1 908 36 ST SE,2018-11-06,2018,2019-10-25,2019,Townhouse,APLIN MARTIN CONSULTANTS,APLIN MARTIN CONSULTANTS,0,15,771962,FOREST LAWN,FLN,967500,2160000,1192500,73000,"[-113.9813485, 51.0449652]",6.329295997,0.031000195,51464.13333,0.201473911,0.300662832,0.24,0
181,2002 26A ST SW,2018-03-16,2018,2019-01-08,2019,Townhouse,TRICOR DESIGN GROUP,TRICOR DESIGN GROUP,0,4,1001326,KILLARNEY/GLENGARRY,KIL,1067500,2267000,1199500,101000,"[-114.1246486, 51.03614871]",3.810658974,0.195346553,250331.5,0.153426912,0.376380479,0.10,0
185,1050 1 AV NE,2021-08-31,2021,2023-03-29,2023,Townhouse,YOUR PROPERTY,YOUR PROPERTY,YOUR PROPERTY,4,1167258,BRIDGELAND/RIVERSIDE,BRD,1118000,2343318,1225318,76000,"[-114.0384672, 51.05334778]",2.524666562,0.028432025,291814.5,0.170774674,0.331934563,0.03,0
218,523 8 ST NE,2019-08-16,2019,2020-10-14,2020,Unspecified,BERESINA HOMES,BERESINA HOMES,0,3,900000,BRIDGELAND/RIVERSIDE,BRD,501500,1758500,1257000,76000,"[-114.0435687, 51.0570093]",2.404282512,0.298087442,300000,0.14663931,0.434083973,0.25,0
91,2841 36 ST SW,2018-09-12,2018,2020-09-15,2020,Townhouse,MILLENIUM PLUS HOMES RENOVATION,MILLENIUM PLUS HOMES RENOVATION,0,4,772375,KILLARNEY/GLENGARRY,KIL,590500,1848500,1258000,101000,"[-114.1399158, 51.02871038]",5.079675596,0.147553853,193093.75,0.240644055,0.079045726,0.36,1
88,1101 8 AV NE,2018-10-10,2018,2019-11-04,2019,Townhouse,JOHN TRINH & ASSOCIATES,JOHN TRINH & ASSOCIATES,0,4,740007,RENFREW,REN,516500,1795500,1279000,83000,"[-114.0362621, 51.05950644]",2.982942736,0.073981932,185001.75,0.264514652,0.50137355,0.43,1
82,9021 46 ST NE,2018-02-16,2018,2019-10-08,2019,Unspecified,HOMES BY AVI (CANADA),HOMES BY AVI (CANADA),HOMES BY AVI (CANADA),13,2087483,SADDLE RIDGE,SAD,2745000,4057000,1312000,98000,"[-113.9660505, 51.134362470000006]",12.40819973,0.009641828,160575.6154,0.081333787,0.546668408,-0.16,0
222,2808 ERLTON ST SW,2019-11-04,2019,2020-11-13,2020,Townhouse,SHEMSHO CONSTRUCTION,0,SHEMSHO CONSTRUCTION,4,852257,ERLTON,ERL,609500,1926000,1316500,77500,"[-114.0620188, 51.0285844]",1.923567118,0.208983072,213064.25,0.091021216,0.898776722,0.32,1
195,#1 338 3 AV NE,2019-08-17,2019,2020-11-16,2020,Unspecified,MILLENIUM PLUS HOMES RENOVATION,MILLENIUM PLUS HOMES RENOVATION,925357 ALBERTA,4,780399,CRESCENT HEIGHTS,CRE,629000,1951500,1322500,83000,"[-114.0556049, 51.05539054]",1.642898567,0.231546378,195099.75,0.178379206,0.249639916,0.38,1
95,3311 33 ST SW,2019-01-08,2019,2020-01-29,2020,Unspecified,SARINA DEVELOPMENTS,SARINA DEVELOPMENTS,0,4,774900,KILLARNEY/GLENGARRY,KIL,698000,2032000,1334000,101000,"[-114.135087, 51.02470663]",4.948846259,0.042196498,193725,0.067705142,0.389209483,0.38,1
165,2836 4 ST NW,2018-09-12,2018,2019-09-17,2019,Unspecified,EAGLE CREST CONSTRUCTION,EAGLE CREST CONSTRUCTION,EAGLE CREST CONSTRUCTION,3,816631,MOUNT PLEASANT,MOP,543000,1879000,1336000,92000,"[-114.0712567, 51.07773493]",3.669902231,0.056673874,272210.3333,0.170921799,0.327276376,0.38,1
197,#2 4506 17 AV NW,2019-05-02,2019,2020-06-23,2020,Townhouse,TRICOR DESIGN GROUP,TRICOR DESIGN GROUP,CHANDAN HOMES,4,802100,MONTGOMERY,MON,414000,1785000,1371000,81000,"[-114.1584414, 51.06985072]",6.663234578,0.094982069,200525,0.24987996,0.463210061,0.47,1
43,1855 12 ST NW,2020-01-24,2020,2021-02-02,2021,Unspecified,TRICOR DESIGN GROUP,TRICOR DESIGN GROUP,CHANDAN HOMES,4,894279,CAPITOL HILL,CAP,598000,1974000,1376000,81000,"[-114.0899619, 51.06835927]",2.91518789,0.170711057,223569.75,0.284174871,0.499546626,0.32,1
154,1104 40 ST SW,2018-12-24,2018,2021-01-07,2021,Unspecified,0,0,0,4,715000,ROSSCARROCK,RCK,503000,1898500,1395500,82000,"[-114.1452992, 51.04313237]",5.135681845,0.233339795,178750,0.227739964,0.215190873,0.56,1
184,2307 1 ST NW,2020-06-19,2020,2021-06-18,2021,Unspecified,MAXVIEW HOMES,0,MAXVIEW HOMES,4,893997,TUXEDO PARK,TUX,533500,1933000,1399500,80000,"[-114.0641527, 51.07282169]",3.169696012,0.118944884,223499.25,0.368577509,0.280776717,0.35,1
115,1340B 20 AV NW,2021-07-13,2021,2022-08-29,2022,Unspecified,TRICOR DESIGN GROUP,TRICOR DESIGN GROUP,0,4,1689098,CAPITOL HILL,CAP,573500,2000000,1426500,81000,"[-114.0920888, 51.07093316]",3.237540174,0.052672048,422274.5,0.274770666,0.560299582,-0.12,0
167,#1B 462 20 AV NW,2022-03-16,2022,2023-11-16,2023,Unspecified,FORMED ALLIANCE ARCHITECTURE STUDIO,FORMED ALLIANCE ARCHITECTURE STUDIO,EAGLE CREST CONSTRUCTION,4,944103,MOUNT PLEASANT,MOP,911000,2360000,1449000,92000,"[-114.0708638, 51.07072771]",2.891350497,0.048666062,236025.75,0.267269238,0.439172717,0.27,0
204,1431A 10 AV SE,2020-04-24,2020,2021-01-14,2021,Unspecified,BAYWEST HOMES,0,BAYWEST HOMES,4,471101,INGLEWOOD,ING,1216500,2673000,1456500,73000,"[-114.0305665, 51.03858448]",2.96843664,0.124073488,117775.25,0.102801739,0.184745458,0.58,1
174,#1 532 4 AV NE,2018-05-01,2018,2019-02-21,2019,Townhouse,K HICKERSON CONTRACTING,K HICKERSON CONTRACTING,0,3,711555,BRIDGELAND/RIVERSIDE,BRD,394500,1863500,1469000,76000,"[-114.0505351, 51.05619883]",1.962718877,0.151024503,237185,0.083407902,0.229952864,0.68,2
198,2202 36 ST SW,2018-04-12,2018,2020-02-06,2020,Townhouse,MP REAL ESTATE VENTURES INC.,MP REAL ESTATE VENTURES INC.,0,4,878217,KILLARNEY/GLENGARRY,KIL,566500,2044000,1477500,101000,"[-114.1395553, 51.03450471]",4.866252405,0.155776641,219554.25,0.231864299,0.4788685,0.41,1
213,#1 2436 29 ST SW,2018-09-14,2018,2020-08-28,2020,Townhouse,MP REAL ESTATE VENTURES INC.,MP REAL ESTATE VENTURES INC.,0,4,781775,KILLARNEY/GLENGARRY,KIL,529500,2019500,1490000,101000,"[-114.1293794, 51.03191838]",4.265178264,0.20476367,195443.75,0.332729581,0.558262721,0.54,1
186,1703 24 AV NW,2017-06-06,2017,2018-06-25,2018,Townhouse,STONE WEST HOMES,STONE WEST HOMES,0,4,848982,CAPITOL HILL,CAP,520000,2013500,1493500,81000,"[-114.0998816, 51.07415856]",3.812430994,0.363952427,212245.5,0.050447929,0.27986969,0.47,1
211,3807A 2 ST NW,2019-04-02,2019,2020-04-13,2020,Unspecified,AMAYA ARCHITECTURAL DESIGN,AMAYA ARCHITECTURAL DESIGN,0,4,840566,HIGHLAND PARK,HPK,606000,2101500,1495500,80000,"[-114.0668365, 51.08630471]",4.635990534,0.294010793,210141.5,0.125039672,0.259332216,0.45,1
205,#1 1816 17 ST SW,2018-02-02,2018,2019-05-27,2019,Townhouse,CALGARY TECHNOLOGY HOMES,0,CALGARY TECHNOLOGY HOMES,4,1151238,BANKVIEW,BNK,778500,2275000,1496500,54800,"[-114.1014138, 51.03728675]",2.224493145,0.055529772,287809.5,0.065799336,0.480445993,0.18,0
29,2004 4 ST NW,2017-11-16,2017,2019-08-26,2019,Townhouse,ELEVATED DEVELOPMENTS,ELEVATED DEVELOPMENTS,0,4,723900,MOUNT PLEASANT,MOP,518000,2016500,1498500,92000,"[-114.0713338, 51.06981497]",2.789244766,0.063253624,180975,0.276276186,0.400281469,0.62,1
22,2432 17 ST NW,2018-09-11,2018,2019-09-09,2019,Townhouse,EAGLE CREST CONSTRUCTION,EAGLE CREST CONSTRUCTION,ARLUX HOMES,4,854900,CAPITOL HILL,CAP,530500,2048000,1517500,81000,"[-114.1019454, 51.07386012]",3.860552067,0.299672592,213725,0.097978056,0.142176627,0.48,1
196,622 2 ST NE,2018-11-22,2018,2020-07-21,2020,Unspecified,SUNSTAR HOMES,SUNSTAR HOMES,0,4,880000,CRESCENT HEIGHTS,CRE,630500,2150000,1519500,83000,"[-114.0574388, 51.05777192]",1.766770817,0.209587315,220000,0.271600558,0.537655338,0.42,1
217,#1 139 24 AV NE,2018-04-02,2018,2020-03-19,2020,Apartment,SUPERIOR DRAFTING & DESIGN,SUPERIOR DRAFTING & DESIGN,0,4,764100,TUXEDO PARK,TUX,498500,2023000,1524500,80000,"[-114.0603696, 51.07407011]",3.359905461,0.172482758,191025,0.541665064,0.072203979,0.60,1
73,2123 12 ST NW,2019-08-06,2019,2020-09-29,2020,Unspecified,CALTON DEVELOPMENTS,CALTON DEVELOPMENTS,CALTON DEVELOPMENTS,4,683071,CAPITOL HILL,CAP,565500,2102500,1537000,81000,"[-114.0899677, 51.07106067]",3.188692343,0.055926278,170767.75,0.317660618,0.412456583,0.68,2
122,1940 32 ST SW,2017-08-30,2017,2018-07-30,2018,Townhouse,MILLENIUM PLUS HOMES RENOVATION,MILLENIUM PLUS HOMES RENOVATION,MILLENIUM PLUS HOMES RENOVATION,4,761397,KILLARNEY/GLENGARRY,KIL,745000,2285000,1540000,101000,"[-114.1335408, 51.03636363]",4.410180554,0.17034175,190349.25,0.217894052,0.573721323,0.52,1
151,#1 2222 24A ST SW,2018-08-29,2018,2019-07-02,2019,Apartment,TRICOR DESIGN GROUP,TRICOR DESIGN GROUP,0,3,700000,RICHMOND,RIC,325500,1866500,1541000,113000,"[-114.1191706, 51.03401936]",3.514325031,0.128516263,233333.3333,0.23396796,0.199743269,0.82,2
193,1105 4 ST NE,2020-01-30,2020,2021-09-03,2021,Unspecified,CASABELLA ENTERPRISES 2012,CASABELLA ENTERPRISES 2012,CASABELLA ENTERPRISES 2012,4,935423,RENFREW,REN,584500,2138000,1553500,83000,"[-114.0534469, 51.06162591]",2.277929197,0.141622897,233855.75,0.422109777,0.443181948,0.41,1
93,516 32 ST NW,2019-07-08,2019,2022-04-04,2022,Unspecified,GOLDMARK HOMES,GOLDMARK HOMES,0,5,1308400,PARKDALE,PKD,2019500,3576000,1556500,109000,"[-114.1332092, 51.05727863]",4.507989919,0.102507191,261680,0.399227113,0.157249784,0.07,0
179,2109 17 ST NW,2019-07-10,2019,2020-08-14,2020,Apartment,URBAN INDIGO FINE HOMES,URBAN INDIGO FINE HOMES,URBAN INDIGO FINE HOMES,4,802300,CAPITOL HILL,CAP,494500,2062500,1568000,81000,"[-114.1022734, 51.07077637]",3.591301705,0.127037894,200575,0.228451755,0.185872513,0.59,1
156,#1 505 6 ST NE,2017-10-12,2017,2020-09-29,2020,Townhouse,KRIEHL DESIGN,KRIEHL DESIGN,0,12,2166210,BRIDGELAND/RIVERSIDE,BRD,1350000,2920000,1570000,76000,"[-114.0485216, 51.0563511]",2.082206277,0.249215191,180517.5,0.189539304,0.214873694,-0.17,0
129,#2 2412 24A ST SW,2020-06-22,2020,2021-03-08,2021,Townhouse,TRICOR DESIGN GROUP,TRICOR DESIGN GROUP,CHANDAN HOMES,4,1288048,RICHMOND,RIC,486000,2063000,1577000,113000,"[-114.1191665, 51.03270236]",3.566407594,0.094317695,322012,0.139295628,0.11768427,0.16,0
127,1521 20 AV NW,2019-11-28,2019,2020-11-10,2020,Unspecified,EAGLE CREST CONSTRUCTION,EAGLE CREST CONSTRUCTION,EAGLE CREST CONSTRUCTION,7,1091265,CAPITOL HILL,CAP,937500,2530000,1592500,81000,"[-114.0960314, 51.07041308]",3.316965566,0.036384122,155895,0.063251134,0.582408455,0.25,0
90,5120 21 ST SW,2022-02-24,2022,2023-06-20,2023,Townhouse,KEN HOMES,KEN HOMES,KEN HOMES,4,937717,NORTH GLENMORE PARK,NGM,569500,2170000,1600500,116000,"[-114.1117151, 51.00814516]",4.930746638,0.118324292,234429.25,0.212163409,0.129443738,0.44,1
57,1941 46 ST NW,2018-03-29,2018,2019-10-18,2019,Townhouse,CONSTRUCTED CONCEPT DEVELOPMENTS,CONSTRUCTED CONCEPT DEVELOPMENTS,0,4,876033,MONTGOMERY,MON,371500,1975500,1604000,81000,"[-114.1600456, 51.07305786]",6.91985597,0.052222237,219008.25,0.24643886,0.218038347,0.58,1
62,248 CARRINGHAM WY NW,2022-10-25,2022,2023-10-17,2023,Unspecified,MATTAMY HOMES CALGARY,MATTAMY HOMES CALGARY,MATTAMY (ABERDEEN HEIGHTS),16,3493309,CARRINGTON,CAR,446000,8713000,8267000,113000,"[-114.092693375, 51.184609637499996]",15.62127111,0.180809547,218331.8125,0.195092431,1.065552111,1.21,2
75,3218B 26 AV SW,2022-08-11,2022,2023-05-04,2023,Townhouse,KILLARNEY23,KILLARNEY23,PEN LAKE VENTURES,4,759053,KILLARNEY/GLENGARRY,KIL,576000,2220000,1644000,101000,"[-114.1334516, 51.0301608]",4.599775743,0.060599198,189763.25,0.255437024,0.235991044,0.66,2
172,5103 6 ST SW,2017-08-24,2017,2022-10-14,2022,Townhouse,SINCLAIR SIGNATURE HOMES,SINCLAIR SIGNATURE HOMES,SINCLAIR SIGNATURE HOMES,8,1670100,WINDSOR PARK,WND,1540500,3189000,1648500,83000,"[-114.07906565, 51.008394315000004]",4.071798394,0.178043054,208762.5,0.23537036,0.192214607,-0.01,0
113,417 7 ST NW,2019-09-12,2019,2021-01-12,2021,Townhouse,RENOVA HOMES & RENOVATIONS,RENOVA HOMES & RENOVATIONS,RENOVA HOMES & RENOVATIONS,4,650547,SUNNYSIDE,SSD,505000,2159500,1654500,83000,"[-114.0815959, 51.05826548]",1.650805423,0.17855777,162636.75,0.213564813,0.23635005,0.87,2
13,1502 37 AV SW,2019-05-29,2019,2020-10-13,2020,Townhouse,MATT WILSON VENTURES,MATT WILSON VENTURES,0,5,1273417,ALTADORE,ALT,821500,2479500,1658000,113000,"[-114.0948712, 51.02136604]",3.055360717,0.009906041,254683.4,0.133475152,0.328489592,0.18,0
70,2176 11 ST NW,2021-03-09,2021,2021-10-26,2021,Unspecified,GOVIND HOMES,0,GOVIND HOMES,4,893588,CAPITOL HILL,CAP,581500,2260500,1679000,81000,"[-114.0871687, 51.07104481]",3.11467475,0.061097056,223397,0.238744659,0.217087851,0.53,1
34,3248 18 ST SW,2019-04-02,2019,2020-08-21,2020,Unspecified,0,0,0,4,981994,SOUTH CALGARY,SOC,667500,2355000,1687500,113000,"[-114.1042005, 51.02502592]",3.147793644,0.121958773,245498.5,0.49271636,0.340571738,0.43,1
153,2320 16A ST SW,2018-02-27,2018,2021-07-02,2021,Townhouse,SUPERIOR DRAFTING & DESIGN,SUPERIOR DRAFTING & DESIGN,0,5,1224349,BANKVIEW,BNK,923500,2653500,1730000,54800,"[-114.1002486, 51.03346627]",2.345826733,0.21622972,244869.8,0.091818119,0.463983999,0.24,0
216,#3B 202 25 AV NW,2021-11-26,2021,2023-10-27,2023,Unspecified,TRICOR DESIGN GROUP,TRICOR DESIGN GROUP,CHANDAN HOMES,4,799400,TUXEDO PARK,TUX,600000,2337000,1737000,80000,"[-114.0653281, 51.07528421]",3.427882188,0.19264334,199850,0.232829197,0.304907639,0.67,2
187,#1 1914 1 ST NW,2018-12-14,2018,2019-10-28,2019,Apartment,TRICOR DESIGN GROUP,TRICOR DESIGN GROUP,0,4,935933,TUXEDO PARK,TUX,534500,2311000,1776500,80000,"[-114.0637905, 51.06935187]",2.795306033,0.079439874,233983.25,0.254486836,0.143140947,0.57,1
111,941 38 ST SW,2018-02-27,2018,2021-03-09,2021,Townhouse,K5 DESIGNS,K5 DESIGNS,HADDAD HOMES,8,2454483,ROSSCARROCK,RCK,962000,2749000,1787000,82000,"[-114.14259100000001, 51.04354249]",4.94501401,0.119792916,306810.375,0.24389149,0.300484022,-0.20,0
15,2608 RICHMOND RD SW,2017-03-22,2017,2019-01-10,2019,Townhouse,SNAP BUILDING,SNAP BUILDING,0,4,897237,RICHMOND,RIC,477000,2274500,1797500,113000,"[-114.1220718, 51.0287169]",3.935327859,0.163118825,224309.25,0.270591,0.515708551,0.66,2
96,#3 3355 SPRUCE DR SW,2019-09-11,2019,2020-08-11,2020,Townhouse,JOHN TRINH & ASSOCIATES,JOHN TRINH & ASSOCIATES,SHEMSHO CONSTRUCTION,4,1006087,SPRUCE CLIFF,SPR,471500,2271500,1800000,82000,"[-114.1355637, 51.04545892]",4.452597216,0.020946898,251521.75,0.172183658,0.331758263,0.54,1
180,1613 6 AV NW,2018-07-25,2018,2019-07-23,2019,Apartment,STONE WEST HOMES,STONE WEST HOMES,STONE WEST HOMES,4,700000,HILLHURST,HIL,727500,2536000,1808500,109000,"[-114.0971193, 51.05750297]",2.264508679,0.005747031,175000,0.241306513,0.3419032,0.78,2
208,2828 1 ST NW,2018-10-25,2018,2020-12-29,2020,Townhouse,CAMBRIDGE HOMES,CAMBRIDGE HOMES,CAMBRIDGE HOMES,5,1232218,TUXEDO PARK,TUX,530500,2341500,1811000,80000,"[-114.0646831, 51.07772977]",3.703408828,0.142519853,246443.6,0.343023705,0.436086049,0.33,1
166,641 12 AV NE,2020-08-28,2020,2021-06-16,2021,Unspecified,WESTMOUNT PROJECTS,WESTMOUNT PROJECTS,WESTMOUNT PROJECTS,4,793339,RENFREW,REN,281000,2097500,1816500,83000,"[-114.0485073, 51.06296753]",2.603964208,0.051352398,198334.75,0.172527675,0.344147316,0.95,2
199,1842 38 AV SW,2019-01-08,2019,2020-03-02,2020,Unspecified,WILLIX DEVELOPMENTS,WILLIX DEVELOPMENTS,0,4,934345,ALTADORE,ALT,681500,2506000,1824500,113000,"[-114.1046685, 51.02035532]",3.550206431,0.291289307,233586.25,0.258777011,0.290303477,0.55,1
207,1610 16 AV SW,2017-03-10,2017,2018-04-02,2018,Apartment,RNDSQR,RNDSQR,0,4,1067611,SUNALTA,SNA,702500,2542500,1840000,68500,"[-114.0979564, 51.0387407]",1.940862517,0.11017172,266902.75,0.106408486,0.260462975,0.44,1
149,307 18 ST NW,2022-02-15,2022,2023-08-18,2023,Apartment,VERDEEP UBHI,VERDEEP UBHI,VERDEEP UBHI,3,826606,WEST HILLHURST,WHL,540500,2382000,1841500,109000,"[-114.1026885, 51.05467993]",2.420810009,0.202298897,275535.3333,0.380514134,0.100532097,0.74,2
106,2106 49 AV SW,2019-02-05,2019,2020-03-18,2020,Townhouse,BMP CONSTRUCTION MANAGEMENT,BMP CONSTRUCTION MANAGEMENT,BMP CONSTRUCTION MANAGEMENT,4,963760,ALTADORE,ALT,670000,2536500,1866500,113000,"[-114.1094966, 51.0100531]",4.668014308,0.090957361,240940,0.36352771,0.054473287,0.55,1
131,2202 24A ST SW,2021-03-01,2021,2023-04-04,2023,Townhouse,MARKO CILIC,MARKO CILIC,MARKO CILIC,3,1068984,RICHMOND,RIC,506500,2378500,1872000,113000,"[-114.1187765, 51.03461308]",3.466404096,0.130981507,356328,0.279614619,0.244847361,0.51,1
1,11 CARRINGHAM WY NW,2022-07-15,2022,2023-12-15,2023,Townhouse,MATTAMY HOMES CALGARY,MATTAMY HOMES CALGARY,MATTAMY (ABERDEEN HEIGHTS),40,8502810,CARRINGTON,CAR,672000,19949500,19277500,113000,"[-114.0900712888889, 51.186815242222224]",15.84976431,0.303340618,212570.25,0.150665129,1.371329502,1.17,2
148,96 23 ST NW,2019-03-28,2019,2020-06-24,2020,Townhouse,0,0,0,4,839384,WEST HILLHURST,WHL,474000,2358000,1884000,109000,"[-114.1152285, 51.05218708]",3.14134437,0.068382911,209846,0.219391452,0.114128978,0.80,2
54,1750 50 AV SW,2018-05-24,2018,2019-10-09,2019,Townhouse,RNDSQR CONSTRUCTION,RNDSQR CONSTRUCTION,0,4,948049,ALTADORE,ALT,649000,2559500,1910500,113000,"[-114.1031777, 51.00883174]",4.552656386,0.125279293,237012.25,0.348084482,0.484474616,0.60,1
220,2242 26A ST SW,2018-06-27,2018,2019-04-24,2019,Townhouse,URBAN INDIGO FINE HOMES,URBAN INDIGO FINE HOMES,0,4,1000000,KILLARNEY/GLENGARRY,KIL,575000,2488500,1913500,101000,"[-114.1250098, 51.0333615]",3.923855791,0.362656263,250000,0.277597177,0.532717788,0.58,1
104,3103 KILDARE CR SW,2021-05-21,2021,2022-06-28,2022,Unspecified,JERRY HOMES,0,JERRY HOMES,4,887942,KILLARNEY/GLENGARRY,KIL,572000,2486500,1914500,101000,"[-114.1403455, 51.02684449]",5.183930187,0.065956681,221985.5,0.097087043,0.184526174,0.70,2
182,1822 38 AV SW,2019-08-22,2019,2021-03-04,2021,Unspecified,WILLIX DEVELOPMENTS,WILLIX DEVELOPMENTS,WILLIX DEVELOPMENTS,4,882900,ALTADORE,ALT,684500,2614500,1930000,113000,"[-114.1035811, 51.02035629]",3.50149978,0.217672092,220725,0.183324841,0.361000181,0.67,2
189,4656B 85 ST NW,2022-02-16,2022,2023-09-07,2023,Townhouse,OPTIMA DEVELOPMENTS,OPTIMA DEVELOPMENTS,OPTIMA DEVELOPMENTS,4,868048,BOWNESS,BOW,347500,2300000,1952500,70000,"[-114.2103399, 51.0939736]",11.11628839,0.016524322,217012,0.180161994,0.163527229,0.89,2
31,1938 BOWNESS RD NW,2018-09-18,2018,2020-01-13,2020,Townhouse,RNDSQR CONSTRUCTION,RNDSQR CONSTRUCTION,0,4,883100,WEST HILLHURST,WHL,624000,2585000,1961000,109000,"[-114.1053767, 51.0513873]",2.455495672,0.100207719,220775,0.213684481,0.511976677,0.72,2
83,2646 21 AV SW,2021-08-03,2021,2022-09-14,2022,Unspecified,SUNDER CUSTOM HOMES,0,SUNDER CUSTOM HOMES,4,856201,RICHMOND,RIC,633000,2606000,1973000,113000,"[-114.1216404, 51.0348169]",3.649455392,0.298022678,214050.25,0.104561463,0.383018261,0.75,2
157,1703 48 AV SW,2018-03-29,2018,2019-02-06,2019,Townhouse,RNDSQR,RNDSQR,RNDSQR CONSTRUCTION,4,860520,ALTADORE,ALT,703000,2689000,1986000,113000,"[-114.1007915, 51.01049694]",4.310431075,0.032300758,215130,0.157042013,0.397338626,0.72,2
171,#1 913 38 ST SW,2022-09-27,2022,2023-09-22,2023,Townhouse,QAA DESIGNS,QAA DESIGNS,INVESTA CUSTOM HOMES,4,708885,ROSSCARROCK,RCK,432500,2422000,1989500,82000,"[-114.1427665, 51.04459894]",4.955476774,0.091960614,177221.25,0.164191177,0.401310049,1.12,2
210,2401 32 AV SW,2018-03-09,2018,2019-01-14,2019,Unspecified,BMP CONSTRUCTION MANAGEMENT,BMP CONSTRUCTION MANAGEMENT,0,4,924593,RICHMOND,RIC,516500,2507500,1991000,113000,"[-114.1146915, 51.02478236]",3.725813513,0.097581809,231148.25,0.202707901,0.596212463,0.74,2
191,#3 1536 29 AV SW,2022-03-08,2022,2023-07-18,2023,Townhouse,TRICOR DESIGN GROUP,TRICOR DESIGN GROUP,CHANDAN HOMES,4,1289814,SOUTH CALGARY,SOC,661500,2666500,2005000,113000,"[-114.0966812, 51.02779063]",2.560415682,0.140354683,322453.5,0.229769972,0.300372659,0.37,1
125,2404 28 AV SW,2018-06-28,2018,2020-10-27,2020,Unspecified,SAVILLE HOMES,SAVILLE HOMES,SAVILLE HOMES,8,2340196,RICHMOND,RIC,1369000,3374500,2005500,113000,"[-114.1145461, 51.02871778]",3.474204611,0.190990934,292524.5,0.213757492,0.16200161,-0.09,0
169,#1 1616 15 AV SW,2017-03-28,2017,2018-01-19,2018,Apartment,RNDSQR,RNDSQR,0,4,815400,SUNALTA,SNA,641000,2684000,2043000,68500,"[-114.0978888, 51.0396712]",1.903284653,0.213265436,203850,0.143313468,0.165156571,0.84,2
133,#1 1818 5 ST SW,2018-02-14,2018,2019-05-17,2019,Townhouse,BMP CONSTRUCTION MANAGEMENT,BMP CONSTRUCTION MANAGEMENT,0,4,1144118,CLIFF BUNGALOW,CLI,984000,3092500,2108500,65500,"[-114.0740085, 51.03641649]",0.936629193,0.180227382,286029.5,0.410295649,0.256828268,0.45,1
2,#21 1710 28 AV SW,2020-12-22,2020,2022-02-14,2022,Unspecified,TRICO HOMES,0,TRICO HOMES,6,1403443,SOUTH CALGARY,SOC,1620000,3738000,2118000,113000,"[-114.1004774, 51.02869701]",2.679000595,0.307387503,233907.1667,0.376313112,0.160654466,0.24,0
76,4007 8 AV SW,2018-07-18,2018,2019-09-20,2019,Townhouse,WEST RIDGE FINE HOMES,WEST RIDGE FINE HOMES,0,4,830000,ROSSCARROCK,RCK,493500,2659000,2165500,82000,"[-114.144201, 51.04490471]",5.055759448,0.11755216,207500,0.058992813,0.41148846,1.01,2
161,1743B 33 AV SW,2020-12-26,2020,2023-10-12,2023,Unspecified,SINCLAIR SIGNATURE HOMES,SINCLAIR SIGNATURE HOMES,SINCLAIR SIGNATURE HOMES,8,2430112,SOUTH CALGARY,SOC,1153000,3330000,2177000,113000,"[-114.10206615, 51.0235872]",3.159624599,0.055959141,303764,0.339965922,0.418303256,-0.07,0
140,#1 307 2 AV NE,2017-08-14,2017,2018-10-23,2018,Townhouse,MILLENIUM PLUS HOMES RENOVATION,MILLENIUM PLUS HOMES RENOVATION,MILLENIUM PLUS HOMES RENOVATION,6,1159173,CRESCENT HEIGHTS,CRE,942000,3140000,2198000,83000,"[-114.0571717, 51.05426157]",1.476521874,0.379907599,193195.5,0.344911692,0.285948674,0.49,1
194,1807 50 ST NW,2021-11-05,2021,2023-01-11,2023,Townhouse,TRICOR DESIGN GROUP,TRICOR DESIGN GROUP,CHANDAN HOMES,4,902493,MONTGOMERY,MON,405500,2616500,2211000,81000,"[-114.1660115, 51.07597119]",7.439028471,0.069582247,225623.25,0.142567817,0.586486466,1.00,2
173,204B 12 AV NE,2022-04-01,2022,2023-04-14,2023,Townhouse,JOHN TRINH & ASSOCIATES,JOHN TRINH & ASSOCIATES,PARAMOUNT HOMES CONSTRUCTION,4,797367,CRESCENT HEIGHTS,CRE,487000,2700000,2213000,83000,"[-114.0597605, 51.06373094]",2.276061767,0.15256273,199341.75,0.516668471,0.508285006,1.10,2
27,2002 6 AV NW,2019-06-17,2019,2020-12-22,2020,Unspecified,0,0,0,6,1303747,WEST HILLHURST,WHL,576500,2800000,2223500,109000,"[-114.10593775000001, 51.058149310000005]",2.809247275,0.050308897,217291.1667,0.082158734,0.353518806,0.49,1
72,206 SHERWOOD LN NW,2017-09-05,2017,2019-04-11,2019,Townhouse,GABLECRAFT HOMES,GABLECRAFT HOMES,EXCEL HOMES LIMITED PARTNERSHIP,11,1818675,SHERWOOD,SHW,1065000,3292500,2227500,118000,"[-114.14757130000001, 51.160610774999995]",13.92667361,0.028874533,165334.0909,0.173125171,0.095761722,0.14,0
109,2141B 26 AV SW,2022-02-08,2022,2023-01-27,2023,Townhouse,OPTIMA DEVELOPMENTS,OPTIMA DEVELOPMENTS,OPTIMA DEVELOPMENTS,4,1247180,RICHMOND,RIC,543500,2840000,2296500,113000,"[-114.1117208, 51.03002178]",3.230306432,0.150936267,311795,0.230160371,0.233387011,0.59,1
170,2104 RICHMOND RD SW,2017-08-30,2017,2018-08-28,2018,Townhouse,SARINA DEVELOPMENTS,SARINA DEVELOPMENTS,SARINA DEVELOPMENTS,5,944080,RICHMOND,RIC,577000,2880000,2303000,113000,"[-114.1109906, 51.03512416]",2.935629938,0.048030568,188816,0.129307368,0.239692858,0.89,2
41,846 CORNERSTONE BV NE,2018-06-05,2018,2020-03-12,2020,Townhouse,SHANE HOMES,SHANE HOMES,0,25,5333734,CORNERSTONE,CNS,3985000,8955000,4970000,99000,"[-113.93777054, 51.152195762000005]",15.18181734,0.117469421,213349.36,0.224728614,1.480167353,-0.04,0
40,#1 129 SKYVIEW PR NE,2018-03-29,2018,2020-07-13,2020,Townhouse,SKYVIEW EDGE,SKYVIEW EDGE,SKYVIEW EDGE,24,4791800,SKYVIEW RANCH,SKR,4170000,6509500,2339500,98000,"[-113.95624135, 51.155982895]",14.77259482,0.165929266,199658.3333,0.136021228,0.272181528,-0.27,0
92,2707 2 ST NW,2022-06-23,2022,2023-11-28,2023,Townhouse,YOUR PROPERTY,YOUR PROPERTY,YOUR PROPERTY,4,797115,MOUNT PLEASANT,MOP,519000,2896000,2377000,92000,"[-114.0676397, 51.07644706]",3.53888363,0.262869067,199278.75,0.205728677,0.257847339,1.20,2
135,5110 20 ST SW,2019-05-07,2019,2020-12-08,2020,Unspecified,RIVERVIEW CUSTOM HOMES,RIVERVIEW CUSTOM HOMES,0,5,441232,NORTH GLENMORE PARK,NGM,762500,3141500,2379000,116000,"[-114.1090274, 51.00851628]",4.79230493,0.032463252,88246.4,0.404672935,0.144005264,1.61,2
55,1621 CORNERSTONE BV NE,2017-10-12,2017,2018-09-10,2018,Townhouse,JAYMAN BUILT,JAYMAN BUILT,0,21,3569043,CORNERSTONE,CNS,1856000,6974500,5118500,99000,"[-113.93846255, 51.163345205]",16.14712212,0.052498278,169954.4286,0.15350111,1.292916989,0.29,0
20,739 SAVANNA LD NE,2020-06-01,2020,2021-01-26,2021,Unspecified,TRUMAN HOMES 1995,TRUMAN HOMES 1995,TRUMAN HOMES 1995,13,2503316,SADDLE RIDGE,SAD,1618000,4021000,2403000,98000,"[-113.9661188, 51.13757926666667]",12.69436218,0.1286603,192562.7692,0.282836113,0.904150681,-0.02,0
121,#1 2412 17A ST SW,2017-07-06,2017,2018-10-30,2018,Townhouse,CUBIT DESIGN GROUP,CUBIT DESIGN GROUP,MJ HOMES,4,793802,BANKVIEW,BNK,538000,2948500,2410500,54800,"[-114.1032493, 51.03278044]",2.564387803,0.021963368,198450.5,0.074707918,0.515817024,1.21,2
202,3719 16 ST SW,2022-02-01,2022,2023-06-13,2023,Apartment,TRICOR DESIGN GROUP,TRICOR DESIGN GROUP,CHANDAN HOMES,4,1459501,ALTADORE,ALT,694500,3115000,2420500,113000,"[-114.1006704, 51.021532]",3.272287271,0.168145673,364875.25,0.105408136,0.599036435,0.45,1
177,2183 49 AV SW,2021-05-18,2021,2022-05-04,2022,Unspecified,PROFESSIONAL CUSTOM HOMES,PROFESSIONAL CUSTOM HOMES,0,5,1573958,ALTADORE,ALT,721000,3167500,2446500,113000,"[-114.1115264, 51.00983992]",4.768728274,0.162005645,314791.6,0.319770347,0.110300616,0.38,1
100,#1 1722 32 ST SW,2019-05-13,2019,2020-05-20,2020,Townhouse,TRICOR DESIGNS,TRICOR DESIGNS,0,8,1475480,SHAGANAPPI,SHG,1203000,3654500,2451500,82000,"[-114.13388330000001, 51.038864634999996]",4.383540403,0.122820281,184435,0.39059078,0.425165106,0.36,1
134,2717B 28 AV SW,2019-10-03,2019,2021-09-07,2021,Unspecified,FORMED ALLIANCE ARCHITECTURE STUDIO,FORMED ALLIANCE ARCHITECTURE STUDIO,KALAMOIR,8,2149223,KILLARNEY/GLENGARRY,KIL,1274500,3748000,2473500,101000,"[-114.12589495, 51.02840045]",4.190603314,0.193135347,268652.875,0.128576758,0.619227625,0.09,0
89,51 SAVANNA PA NE,2018-07-31,2018,2019-04-30,2019,Unspecified,HOMES BY AVI (CANADA),HOMES BY AVI (CANADA),HOMES BY AVI (CANADA),11,1679505,SADDLE RIDGE,SAD,1118000,3601500,2483500,98000,"[-113.9673325, 51.135009339999996]",12.4131362,0.123958171,152682.2727,0.060385168,0.62233524,0.29,0
67,1468 CORNERSTONE BV NE,2021-09-25,2021,2023-12-08,2023,Unspecified,0,0,0,16,2789811,CORNERSTONE,CNS,1522500,7963500,6441000,99000,"[-113.93799689999999, 51.160233446666666]",15.88504902,0.041872856,174363.1875,0.186987513,1.307817913,0.85,2
192,1809B 19 ST NW,2021-01-04,2021,2022-06-24,2022,Unspecified,DISTRICT HOMES / ELECTRIM DEVELOPMENT,DISTRICT HOMES / ELECTRIM DEVELOPMENT,DISTRICT HOMES / ELECTRIM DEVELOPMENT,4,1060836,BANFF TRAIL,BNF,1119500,3712500,2593000,81000,"[-114.1064631, 51.06824203]",3.560148172,0.074634079,265209,0.232057132,0.380373674,0.70,2
98,2787 19 AV SW,2017-07-25,2017,2020-12-31,2020,Unspecified,0,0,0,7,1393421,KILLARNEY/GLENGARRY,KIL,1000500,3647500,2647000,101000,"[-114.12622065, 51.036237485]",3.914766224,0.169016563,199060.1429,0.256995834,0.414899854,0.52,1
162,648 CORNERSTONE BV NE,2020-06-11,2020,2023-08-30,2023,Unspecified,SUNSTAR HOMES CORNERSTONE DEVELOPMENTS LTD.,SUNSTAR HOMES CORNERSTONE DEVELOPMENTS LTD.,SUNSTAR HOMES,19,3711702,CORNERSTONE,CNS,2422500,10133500,7711000,99000,"[-113.93776807500001, 51.1498975775]",14.98176394,0.078898619,195352.7368,0.222382191,1.447741427,0.65,2
44,1304 19 AV NW,2018-02-22,2018,2019-09-10,2019,Townhouse,SYSTEMIC ARCHITECTURE,SYSTEMIC ARCHITECTURE,HOMES BY SORENSEN,8,1609483,CAPITOL HILL,CAP,1101500,3952500,2851000,81000,"[-114.08974470000001, 51.069640469999996]",3.03792266,0.097396076,201185.375,0.374099324,0.420661111,0.46,1
112,1705 42 AV SW,2019-12-02,2019,2020-09-29,2020,Unspecified,TRICOR DESIGN GROUP,TRICOR DESIGN GROUP,0,6,2157772,ALTADORE,ALT,802500,3727000,2924500,113000,"[-114.1011421, 51.01593995]",3.799637256,0.041264765,359628.6667,0.465721238,0.112033745,0.26,0
212,2100 17A ST SW,2019-06-17,2019,2021-03-25,2021,Unspecified,ALDEBARAN ENTERPRISES,ALDEBARAN ENTERPRISES,0,6,1750862,BANKVIEW,BNK,1902000,4878500,2976500,54800,"[-114.102732, 51.0363678]",2.348867523,0.116093496,291810.3333,0.077171359,0.375134462,0.34,1
103,#4 232 20 AV NE,2020-05-08,2020,2021-12-31,2021,Apartment,HEIRLOOM HOMES,HEIRLOOM HOMES,HEIRLOOM HOMES,4,501395,TUXEDO PARK,TUX,299000,3315000,3016000,80000,"[-114.0581394, 51.07073923]",3.047112744,0.134330204,125348.75,0.383840893,0.441165825,3.14,2
66,1367 CORNERSTONE BV NE,2019-08-08,2019,2023-11-02,2023,Unspecified,STEALTH HOMES,0,STEALTH HOMES,21,4330917,CORNERSTONE,CNS,1429500,9641500,8212000,99000,"[-113.938464925, 51.158718955]",15.72992145,0.045755906,206234.1429,0.183699751,1.260058763,0.67,2
114,1757 45 ST NW,2020-01-31,2020,2022-04-20,2022,Townhouse,CAMBRIDGE HOMES,CAMBRIDGE HOMES,CAMBRIDGE HOMES,8,1943085,MONTGOMERY,MON,940500,4080000,3139500,81000,"[-114.16044555, 51.070985185]",6.843442218,0.120121455,242885.625,0.315234989,0.428946189,0.41,1
64,4102 19 ST SW,2021-02-16,2021,2023-07-27,2023,Unspecified,PE COMFORT HOMES,0,PE COMFORT HOMES,8,2090043,ALTADORE,ALT,1336000,4478500,3142500,113000,"[-114.10566125, 51.01811822]",3.786533932,0.239781476,261255.375,0.39552808,0.233889307,0.31,1
25,#701 50 CORNERSTONE PS NE,2021-04-30,2021,2023-01-24,2023,Townhouse,TRUMAN HOMES 1995,TRUMAN HOMES 1995,TRUMAN HOMES 1995,85,17901685,CORNERSTONE,CNS,4900000,32826000,27926000,99000,"[-113.9436723846154, 51.16434592461538]",16.0321777,0.139286995,210608.0588,0.153403768,0.95471337,0.44,1
132,2826 15 ST SW,2018-12-13,2018,2021-02-12,2021,Townhouse,TARAPOINT CONSTRUCTION MANAGEMENT,TARAPOINT CONSTRUCTION MANAGEMENT,0,9,1876457,SOUTH CALGARY,SOC,1592000,4824000,3232000,113000,"[-114.09646985, 51.028710204999996]",2.475848299,0.128690252,208495.2222,0.291781369,0.348284561,0.39,1
33,#1 134 22 AV NE,2017-11-14,2017,2019-06-11,2019,Apartment,CHANDAN HOMES,CHANDAN HOMES,0,8,1366934,TUXEDO PARK,TUX,718000,3985500,3267500,80000,"[-114.0603255, 51.07255853]",3.197750261,0.15116285,170866.75,0.584663815,0.223157451,0.91,2
52,301 KINCORA GLEN RD NW,2018-09-24,2018,2020-07-30,2020,Townhouse,CARLISLE DEVELOPMENTS,CARLISLE DEVELOPMENTS,0,18,2814188,KINCORA,KCA,2307500,5605500,3298000,118000,"[-114.14290820000001, 51.16542297666666]",14.30699469,0.014238573,156343.7778,0.244623004,0.721816215,0.09,0
105,#1 643 3 AV NW,2018-02-26,2018,2020-07-30,2020,Apartment,CLEM LAU ARCHITECTS & DESIGNERS,CLEM LAU ARCHITECTS & DESIGNERS,0,4,972742,SUNNYSIDE,SSD,830000,4178000,3348000,83000,"[-114.0775596, 51.05943689]",1.68244582,0.121126346,243185.5,0.124094864,0.348137971,1.32,2
42,#1 1926 25A ST SW,2017-11-23,2017,2019-03-26,2019,Townhouse,JAYKAY HOMES,JAYKAY HOMES,JAYKAY HOMES,8,1924636,RICHMOND,RIC,1041500,4479500,3438000,113000,"[-114.12209655, 51.036704869999994]",3.622437991,0.135562733,240579.5,0.149939524,0.303030865,0.51,1
137,55 WALGROVE PZ SE,2017-12-15,2017,2020-08-20,2020,Townhouse,CARDEL LIFESTYLES,CARDEL LIFESTYLES,CARDEL LIFESTYLES,20,5136902,WALDEN,WAL,2189000,5657000,3468000,110000,"[-114.02525966666667, 50.86539277]",20.20739744,0.079634034,256845.1,0.108396039,0.681786591,-0.23,0
108,25 SAVANNA MR NE,2022-09-15,2022,2023-07-10,2023,Townhouse,HOMES BY AVI (CANADA),0,HOMES BY AVI (CANADA),10,1564653,SADDLE RIDGE,SAD,1128000,4675000,3547000,98000,"[-113.9533993, 51.136896925]",13.17191771,0.036785828,156465.3,0.088759183,0.710036701,0.74,2
59,1511 24 AV SW,2020-01-21,2020,2021-10-05,2021,Unspecified,SHEMSHO CONSTRUCTION,0,SHEMSHO CONSTRUCTION,8,1920083,BANKVIEW,BNK,1038000,4600000,3562000,54800,"[-114.09667909999999, 51.03179943]",2.252579151,0.131365739,240010.375,0.068190787,0.378455325,0.56,1
146,#1 721 1 AV NW,2019-04-12,2019,2022-06-20,2022,Apartment,K5 DESIGNS,K5 DESIGNS,0,8,2326474,SUNNYSIDE,SSD,1588000,5252000,3664000,83000,"[-114.0773524, 51.057274995]",1.446049387,0.109529987,290809.25,0.306621169,0.173004285,0.34,1
53,#1 1714 KENSINGTON RD NW,2017-06-01,2017,2019-03-19,2019,Apartment,STEALTH HOMES,STEALTH HOMES,0,8,2090263,HILLHURST,HIL,1439500,5126000,3686500,109000,"[-114.09843269999999, 51.05262495]",2.052926541,0.013938206,261282.875,0.293505945,0.401312811,0.45,1
19,2605 26 AV SW,2017-12-05,2017,2019-05-22,2019,Townhouse,JOHN TRINH & ASSOCIATES,JOHN TRINH & ASSOCIATES,0,7,1993202,RICHMOND,RIC,885000,4601000,3716000,113000,"[-114.12131405, 51.02995378]",3.827069835,0.024106127,284743.1429,0.287059534,0.394193478,0.60,1
155,3902 15A ST SW,2018-03-06,2018,2019-04-04,2019,Unspecified,RANGER HOMES,RANGER HOMES,0,6,2209358,ALTADORE,ALT,565000,4324000,3759000,113000,"[-114.0988577, 51.01995135]",3.339383998,0.05531848,368226.3333,0.165966615,0.529494004,0.56,1
69,#2 6324 BOWWOOD DR NW,2017-10-06,2017,2019-04-15,2019,Townhouse,HABITAT FOR HUMANITY,HABITAT FOR HUMANITY,0,10,2904640,BOWNESS,BOW,932500,4729500,3797000,70000,"[-114.1801533, 51.08478712]",8.779461077,0.064640096,290464,0.14232275,0.693509112,0.23,0
117,#1 4411 17 AV NW,2020-07-28,2020,2023-06-20,2023,Townhouse,TRICOR DESIGN GROUP,TRICOR DESIGN GROUP,0,8,2962182,MONTGOMERY,MON,810500,4642000,3831500,81000,"[-114.157374, 51.068883525000004]",6.550816665,0.073429664,370272.75,0.127186354,0.414010208,0.23,0
23,876 CORNERSTONE BV NE,2021-09-13,2021,2023-10-03,2023,Townhouse,NORR ARCHITECTS ENGINEERS PLANNERS,NORR ARCHITECTS ENGINEERS PLANNERS,SHANE HOMES,80,17006940,CORNERSTONE,CNS,3760000,35849500,32089500,99000,"[-113.93659985384616, 51.15332387615385]",15.33090966,0.127266845,212586.75,0.27472934,1.501036991,0.73,2
71,2007B 22 AV NW,2020-06-03,2020,2021-12-23,2021,Unspecified,FORMED ALLIANCE ARCHITECTURE STUDIO,FORMED ALLIANCE ARCHITECTURE STUDIO,EAGLE CREST CONSTRUCTION,7,1508164,BANFF TRAIL,BNF,597500,4480000,3882500,81000,"[-114.1064614, 51.07195028]",3.872907083,0.007291242,215452,0.315863356,0.177358536,1.13,2
183,2305 19 ST NW,2018-01-17,2018,2018-12-05,2018,Townhouse,STONE WEST HOMES,STONE WEST HOMES,0,4,789959,BANFF TRAIL,BNF,1107500,5038500,3931000,81000,"[-114.1064745, 51.07272788]",3.941392303,0.080531909,197489.75,0.384511783,0.191562963,1.66,2
24,242 CITYSCAPE BV NE,2017-11-28,2017,2019-03-07,2019,Unspecified,MATTAMY HOMES CALGARY,MATTAMY HOMES CALGARY,0,35,5434159,CITYSCAPE,CSC,2146500,11946500,9800000,108000,"[-113.9621298375, 51.147172922500005]",13.72925811,0.295018211,155261.6857,0.237067028,1.31067998,0.58,1
110,5109 19 ST SW,2021-11-19,2021,2023-07-19,2023,Townhouse,APARTMENT BUILDING,APARTMENT BUILDING,TAMSON DEVELOPMENTS,7,1957955,NORTH GLENMORE PARK,NGM,815500,4862500,4047000,116000,"[-114.1066379, 51.00858142]",4.697613037,0.031404116,279707.8571,0.414594852,0.262743902,0.75,2
142,1701 31 AV SW,2020-08-26,2020,2022-01-27,2022,Unspecified,TRICOR DESIGN GROUP,TRICOR DESIGN GROUP,CHANDAN HOMES,7,1675545,SOUTH CALGARY,SOC,627500,4712500,4085000,113000,"[-114.0997828, 51.02543881]",2.899786746,0.156539031,239363.5714,0.180490488,0.218723761,1.05,2
45,103 CRANBROOK WK SE,2017-08-03,2017,2018-10-24,2018,Townhouse,BROOKFIELD RESIDENTIAL (ALBERTA),BROOKFIELD RESIDENTIAL (ALBERTA),BROOKFIELD RESIDENTIAL (ALBERTA),10,1483998,CRANSTON,CRA,4470400,8685000,4214600,121000,"[-113.9763855, 50.86435327]",21.14338255,0.045550419,148399.8,0.01728295,1.259076292,0.46,1
120,11149 CITYSCAPE DR NE,2022-07-21,2022,2023-11-21,2023,Unspecified,MATTAMY HOMES CALGARY,MATTAMY HOMES CALGARY,MATTAMY HOMES CALGARY,27,5628196,CITYSCAPE,CSC,1671000,12571500,10900500,108000,"[-113.95563441428571, 51.15207573285714]",14.43472385,0.11396436,208451.7037,0.128634902,0.708648591,0.72,2
150,2105 6 ST NW,2018-10-19,2018,2020-02-12,2020,Apartment,STONE WEST HOMES,STONE WEST HOMES,0,8,1443073,MOUNT PLEASANT,MOP,1141000,5385500,4244500,92000,"[-114.07650179999999, 51.070654485]",2.900350031,0.167914522,180384.125,0.065004661,0.471209651,1.08,2
126,1540 30 AV SW,2018-08-13,2018,2019-10-23,2019,Townhouse,MEIGA DEVELOPMENT CORPORATION,MEIGA DEVELOPMENT CORPORATION,0,4,1700000,SOUTH CALGARY,SOC,1238500,5720000,4481500,113000,"[-114.0968429, 51.02687066]",2.644054903,0.14805597,425000,0.127237105,0.287148467,0.95,2
36,36 CITYSIDE GV NE,2021-05-26,2021,2023-03-15,2023,Unspecified,MATTAMY HOMES CALGARY,MATTAMY HOMES CALGARY,MATTAMY HOMES CALGARY,38,7077901,CITYSCAPE,CSC,2351500,16695500,14344000,108000,"[-113.96759403000001, 51.144078104]",13.23144816,0.348150507,186260.5526,0.08948597,1.62912539,0.77,2
46,55 CITYSCAPE RO NE,2017-04-06,2017,2021-08-04,2021,Townhouse,MATTAMY HOMES CALGARY,MATTAMY HOMES CALGARY,MATTAMY HOMES CALGARY,64,10298655,CITYSCAPE,CSC,3364500,18168000,14803500,108000,"[-113.96015451666666, 51.15338331]",14.38147696,0.10802281,160916.4844,0.220763019,0.614952035,0.33,1
9,179 DIEPPE DR SW,2022-09-15,2022,2023-12-01,2023,Townhouse,ANTHEM CURRIE DEVELOPMENTS II,ANTHEM CURRIE DEVELOPMENTS II,ANTHEM CURRIE DEVELOPMENTS II,5,1061911,CURRIE BARRACKS,CUR,1460000,3344000,1884000,133000,"[-114.1266659, 51.01788383]",4.856907897,0.366372387,212382.2,0.174825422,0.284815715,0.33,1
136,#7B 1313B 20 AV NW,2021-07-13,2021,2022-09-28,2022,Townhouse,FORMED ALLIANCE ARCHITECTURE STUDIO,FORMED ALLIANCE ARCHITECTURE STUDIO,0,8,1740706,CAPITOL HILL,CAP,602000,5910000,5308000,81000,"[-114.0906781, 51.07041526]",3.143360408,0.092793271,217588.25,0.378565027,0.464911246,1.52,2
30,302 32 AV NE,2018-10-17,2018,2023-11-29,2023,Townhouse,STEALTH HOMES,STEALTH HOMES,0,8,2185559,HIGHLAND PARK,HPK,898500,6259500,5361000,80000,"[-114.0570878, 51.081623045]",4.230277087,0.165372564,273194.875,0.367795483,0.367211142,1.03,2
215,#101 408 27 AV NE,2018-04-09,2018,2020-07-21,2020,Townhouse,CLEM LAU ARCHITECTS & DESIGNERS,CLEM LAU ARCHITECTS & DESIGNERS,0,17,3196329,WINSTON HEIGHTS/MOUNTVIEW,WIN,2800000,8339000,5539000,80000,"[-114.055071, 51.07706496]",3.782260959,0.041379374,188019.3529,0.197804701,0.446239932,0.39,1
94,101 HOMESTEAD BV NE,2020-11-17,2020,2023-10-25,2023,Unspecified,PARTNERS DEVELOPMENT GROUP,PARTNERS DEVELOPMENT GROUP,PARTNERS DEVELOPMENT GROUP,58,9238186,HOMESTEAD,HSD,2562000,26430500,23868500,97000,"[-113.9134354875, 51.114923791875]",13.54366229,0.062490532,159279.069,0.145506245,1.066914453,1.24,2
79,1910 48 ST NW,2017-07-10,2017,2023-05-26,2023,Townhouse,JG DESIGN,JG DESIGN,MAGNAT DEVELOPMENTS,16,4109997,MONTGOMERY,MON,1536000,7671500,6135500,81000,"[-114.162944575, 51.074350620000004]",7.165695892,0.041130447,256874.8125,0.146966215,0.349667057,0.36,1
163,#101 8485 64 AV NW,2018-11-16,2018,2023-02-10,2023,Townhouse,GRAVITY ARCHITECTURE,GRAVITY ARCHITECTURE,0,32,5170122,SILVER SPRINGS,SIL,4290000,10615500,6325500,133000,"[-114.2095282, 51.11065087]",12.09092216,0.104656629,161566.3125,0.144698864,0.405690977,0.12,0
130,196 LIVINGSTON VW NE,2020-03-12,2020,2021-03-23,2021,Unspecified,HOMES BY AVI (CANADA),0,HOMES BY AVI (CANADA),18,3171905,LIVINGSTON,LIV,1680500,4896500,3216000,116000,"[-114.067554925, 51.1899992125]",16.15570194,0.073108478,176216.9444,0.336403889,2.493154023,0.01,0
47,1219 LIVINGSTON WY NE,2017-03-15,2017,2018-01-17,2018,Townhouse,HOMES BY AVI (CANADA),HOMES BY AVI (CANADA),HOMES BY AVI (CANADA),14,2934196,LIVINGSTON,LIV,1422500,5258500,3836000,116000,"[-114.06667136666665, 51.18583607666667]",15.69417383,0.217138492,209585.4286,0.418669614,2.029134075,0.21,0
176,#210 101 PANATELLA SQ NW,2019-05-10,2019,2022-05-06,2022,Townhouse,SEIKA ARCHITECTURE,SEIKA ARCHITECTURE,EAGLE CREST CONSTRUCTION,19,2770000,PANORAMA HILLS,PAN,479000,7035000,6556000,106000,"[-114.0711645, 51.16957287]",13.8816589,0.28175252,145789.4737,0.063344607,0.39480193,1.17,2
144,2222 5 ST SW,2021-06-04,2021,2023-07-31,2023,Townhouse,KNIGHTSBRIDGE CUSTOM HOME BUILDERS,KNIGHTSBRIDGE CUSTOM HOME BUILDERS,KNIGHTSBRIDGE CUSTOM HOME BUILDERS,6,1735458,CLIFF BUNGALOW,CLI,758000,7440000,6682000,65500,"[-114.0736427, 51.03258709]",1.356168606,0.150988633,289243,0.14978215,0.192011534,1.98,2
102,#3 4320 BOWNESS RD NW,2018-09-21,2018,2022-08-30,2022,Townhouse,JOHN TRINH & ASSOCIATES,JOHN TRINH & ASSOCIATES,GREEN CEDAR HOMES,16,2944373,MONTGOMERY,MON,1018500,8026000,7007500,81000,"[-114.154325775, 51.068317730000004]",6.330807278,0.016847522,184023.3125,0.210007082,0.272835066,1.03,2
201,#308 10060 46 ST NE,2021-10-01,2021,2023-06-06,2023,Townhouse,GRAVITY ARCHITECTURE,GRAVITY ARCHITECTURE,ROHIT COMMUNITIES CALGARY,21,3795768,SADDLE RIDGE,SAD,434000,7527500,7093500,98000,"[-113.96447309999999, 51.13577037]",12.59950353,0.084378259,180750.8571,0.160918328,0.714574799,0.78,2
99,#6B 2015 22 ST SW,2021-12-14,2021,2023-11-21,2023,Townhouse,FORMED ALLIANCE ARCHITECTURE STUDIO,FORMED ALLIANCE ARCHITECTURE STUDIO,KALAMOIR,9,1670810,RICHMOND,RIC,1367000,8480000,7113000,113000,"[-114.11385949999999, 51.03532227]",3.115837722,0.179857354,185645.5556,0.092215776,0.398584763,1.79,2
124,733 MARINE DR SE,2019-08-07,2019,2021-08-24,2021,Unspecified,BAYWEST HOMES,0,BAYWEST HOMES,18,3299984,MAHOGANY,MAH,1294000,8534000,7240000,121000,"[-113.92551675, 50.89078158]",19.95241642,0.182020212,183332.4444,0.235819654,1.20377051,0.86,2
119,7840 8A AV SW,2019-01-25,2019,2020-03-20,2020,Townhouse,TRUMAN HOMES 1995,TRUMAN HOMES 1995,0,16,4746372,WEST SPRINGS,WSP,1782000,9294000,7512000,160000,"[-114.1996306, 51.06201534]",9.133590574,0.117222093,296648.25,0.113316042,0.666301841,0.42,1
14,62 WALDEN LN SE,2018-01-04,2018,2023-12-12,2023,Townhouse,ROCKFORD WALDEN,ROCKFORD WALDEN,ROCKFORD WALDEN,36,6719363,WALDEN,WAL,3143000,10665500,7522500,110000,"[-114.02901971666667, 50.868636540000004]",19.80989396,0.111467882,186648.9722,0.17966906,1.046275538,0.08,0
8,471 LIVINGSTON WY NE,2022-11-17,2022,2023-12-13,2023,Unspecified,HOMES BY AVI (CANADA),0,HOMES BY AVI (CANADA),18,3147798,LIVINGSTON,LIV,672000,5367000,4695000,116000,"[-114.04991436666667, 51.186704420000005]",15.86081691,0.356558855,174877.6667,0.100094251,2.300336753,0.41,1
28,231 LUCAS BV NW,2018-05-18,2018,2022-05-27,2022,Unspecified,DAYTONA HOMES CALGARY LP,0,DAYTONA HOMES CALGARY LP,57,10932754,LIVINGSTON,LIV,5072500,20299500,15227000,116000,"[-114.07593522941177, 51.18603154823529]",15.71423811,0.28244323,191802.7018,0.096579572,2.058180235,0.27,0
97,315 NOLANCREST HT NW,2017-04-13,2017,2019-05-24,2019,Townhouse,CARDEL LIFESTYLES,CARDEL LIFESTYLES,CARDEL LIFESTYLES,29,5846830,NOLAN HILL,NOL,4004000,10342500,6338500,129000,"[-114.16776626000001, 51.1749974]",15.95663189,0.206032621,201614.8276,0.237353623,2.008039929,0.05,0
152,4 CREEKSIDE BV SW,2021-11-03,2021,2023-10-19,2023,Townhouse,GRAVITY ARCHITECTURE,GRAVITY ARCHITECTURE,STREETSIDE DEVELOPMENT,6,1319086,PINE CREEK,PCK,573000,3094500,2521500,106000,"[-114.0591041, 50.86287982]",20.24099262,0.878976269,219847.6667,0.206449719,2.303728222,0.64,2
3,116 CREEKSIDE BV SW,2019-10-28,2019,2023-12-13,2023,Townhouse,GRAVITY ARCHITECTURE,GRAVITY ARCHITECTURE,STREETSIDE DEVELOPMENT,16,3500810,PINE CREEK,PCK,1037500,6768000,5730500,106000,"[-114.05910953333334, 50.86188192333333]",20.35182953,0.986591433,218800.625,0.14769955,2.287761608,0.49,1
145,3810 PARKHILL PL SW,2019-05-16,2019,2020-07-13,2020,Townhouse,ARCHI DESIGN,ARCHI DESIGN,0,3,734557,PARKHILL,PKH,586500,1163000,576500,107000,"[-114.062263, 51.02126211]",2.695162474,0.077932726,244852.3333,0.258832969,1.03306574,-0.12,0
60,3414 15 ST SW,2017-12-15,2017,2020-01-31,2020,Townhouse,JF HOMES HOLDING LTD.,JF HOMES HOLDING LTD.,0,16,3207029,SOUTH CALGARY,SOC,504500,8863000,8358500,113000,"[-114.0968658, 51.02362083666667]",2.926245247,0.041250132,200439.3125,0.23891167,0.482562061,1.39,2
107,831B 21 AV SE,2022-05-23,2022,2023-06-29,2023,Unspecified,0,0,0,3,1017183,RAMSAY,RAM,938500,1440000,501500,97000,"[-114.0412329, 51.03425713]",2.43913006,0.065587974,339061,0.322239908,0.1884093,-0.26,0
4,#254 301 REDSTONE BV NE,2017-01-27,2017,2023-12-14,2023,Townhouse,NORR ARCHITECTS ENGINEERS PLANNERS,NORR ARCHITECTS ENGINEERS PLANNERS,STREETSIDE DEVELOPMENT,126,24803034,REDSTONE,RSN,2383000,41542000,39159000,100000,"[-113.95127266399999, 51.17005829359999]",16.28198828,0.032658912,196849.4762,0.352750279,0.964129189,0.53,1
203,3814 202 AV SE,2021-03-10,2021,2021-11-12,2021,Unspecified,JAYMAN BUILT,0,JAYMAN BUILT,4,767170,SETON,SET,532000,1559000,1027000,80000,"[-113.949618, 50.86689795]",21.54918125,0.162705585,191792.5,0.043687543,1.304403013,0.20,0
85,1381 LEGACY CI SE,2017-06-02,2017,2019-06-13,2019,Townhouse,GRAVITY ARCHITECTURE,GRAVITY ARCHITECTURE,0,50,8865343,LEGACY,LEG,5296000,16670500,11374500,110000,"[-114.00227394545455, 50.85922478545455]",21.1960995,0.154769788,177306.86,0.324262185,1.719062387,0.18,0
65,#5B 1506 10 AV SE,2020-10-21,2020,2022-03-30,2022,Unspecified,PROFESSIONAL CUSTOM HOMES,PROFESSIONAL CUSTOM HOMES,PEAK CONTRACTING SERVICES,11,3932109,INGLEWOOD,ING,503000,12600000,12097000,73000,"[-114.0292341, 51.0386837]",3.056711507,0.055430388,357464.4545,0.080532038,0.149750579,1.84,2
223,51 CRESTRIDGE CM SW,2019-06-05,2019,2022-07-15,2022,Townhouse,GRAVITY ARCHITECTURE,GRAVITY ARCHITECTURE,PARTNERS DEVELOPMENT GROUP,6,1162075,CRESTMONT,CRM,537115,12821664,12284549,160000,"[-114.2590511, 51.08086775]",13.68301287,0.459060159,193679.1667,0.290930323,1.809310444,6.55,2
178,2032B 18 AV NW,2021-07-20,2021,2022-09-28,2022,Unspecified,PROFESSIONAL CUSTOM HOMES,PROFESSIONAL CUSTOM HOMES,0,13,3930804,BANFF TRAIL,BNF,1851000,14200000,12349000,81000,"[-114.1078405, 51.06913075]",3.698048279,0.149955754,302369.5385,0.136008593,0.250608209,1.46,2
116,191 LES JARDINS PA SE,2021-07-08,2021,2023-12-08,2023,Townhouse,NORR ARCHITECTS ENGINEERS PLANNERS,NORR ARCHITECTS ENGINEERS PLANNERS,JAYMAN BUILT MULTI FAMILY,24,5419219,DOUGLASDALE/GLEN,DDG,195000,13260000,13065000,121000,"[-114.004648575, 50.957445275]",10.78614546,0.176628207,225800.7917,0.301889946,1.890133826,1.36,2
7,111 SETON RO SE,2022-04-06,2022,2023-09-18,2023,Townhouse,BROOKFIELD RESIDENTIAL (ALBERTA),0,BROOKFIELD RESIDENTIAL (ALBERTA),4,765025,SETON,SET,286000,1906000,1620000,80000,"[-113.9488382, 50.86461415]",21.80406292,0.194766745,191256.25,0.220286719,1.536827625,0.81,2
51,253 SETON CI SE,2018-02-28,2018,2018-10-24,2018,Unspecified,JAYMAN BUILT,JAYMAN BUILT,JAYMAN BUILT,16,2856956,SETON,SET,3680000,5986500,2306500,80000,"[-113.957077075, 50.8701126125]",21.01613571,0.114655046,178559.75,0.257703839,0.917869387,-0.08,0
84,3860 202 AV SE,2020-10-08,2020,2023-07-12,2023,Townhouse,JAYMAN BUILT,0,JAYMAN BUILT,7,1399753,SETON,SET,973500,3369000,2395500,80000,"[-113.94841615, 50.867281745]",21.54366663,0.253321417,199964.7143,0.098098001,1.241041636,0.42,1
32,442 SETON CI SE,2020-11-13,2020,2023-04-03,2023,Townhouse,AVALON MASTER BUILDER,0,AVALON MASTER BUILDER,48,6902105,SETON,SET,753000,9009500,8256500,80000,"[-113.95423733333332, 50.86882521333333]",21.224934,0.057537514,143793.8542,0.202594925,1.162737276,0.18,0
81,#2302 200 SETON CI SE,2022-05-03,2022,2023-11-07,2023,Townhouse,LOGEL HOMES,LOGEL HOMES,LOGEL HOMES,64,10680668,SETON,SET,1060000,10007500,8947500,80000,"[-113.9558397, 50.8703796]",21.02205749,0.02561569,166885.4375,0.264074675,0.978845012,-0.15,0
12,525 SAGE HILL RD NW,2021-10-13,2021,2023-09-27,2023,Unspecified,CALBRIDGE HOMES,0,CALBRIDGE HOMES,35,7034625,SAGE HILL,SGH,3299500,16452000,13152500,129000,"[-114.14964198888889, 51.17519918111111]",15.48956046,0.107266295,200989.2857,0.148183615,1.704032363,0.59,1
68,232 AUBURN MEADOWS MR SE,2018-06-07,2018,2022-07-15,2022,Townhouse,BROOKFIELD RESIDENTIAL (ALBERTA),BROOKFIELD RESIDENTIAL (ALBERTA),BROOKFIELD RESIDENTIAL (ALBERTA),56,8536046,AUBURN BAY,AUB,2966500,18984000,16017500,121000,"[-113.94599434444444, 50.89337783777778]",18.99883256,0.1276088,152429.3929,0.125123453,0.271132569,0.65,2
37,260 HARVEST HILLS WY NE,2019-02-26,2019,2021-07-14,2021,Townhouse,NORR ARCHITECTS ENGINEERS PLANNERS,NORR ARCHITECTS ENGINEERS PLANNERS,CEDARGLEN LIVING,67,15421330,HARVEST HILLS,HAR,1940000,18572500,16632500,106000,"[-114.04249806923077, 51.15093347]",11.98590777,0.220480205,230169.1045,0.178850197,0.735382993,0.07,0
77,421 SAGE HILL GV NW,2017-05-25,2017,2020-04-17,2020,Townhouse,CLEM LAU ARCHITECTS & DESIGNERS,CLEM LAU ARCHITECTS & DESIGNERS,0,75,13965466,SAGE HILL,SGH,2593000,24121500,21528500,129000,"[-114.13514633636363, 51.17229136181818]",14.85557858,0.081206909,186206.2133,0.148124014,1.287533408,0.46,1
11,130 TUSCANY SUMMIT SQ NW,2018-11-26,2018,2023-11-02,2023,Townhouse,ROCKFORD TUSCANY,ROCKFORD TUSCANY,ROCKFORD TUSCANY,52,8293789,TUSCANY,TUS,703000,18947000,18244000,133000,"[-114.2549334375, 51.14129398125]",16.69452995,0.329829861,159495.9423,0.182563616,1.496596132,1.11,2
49,1142 SAGE HILL GV NW,2022-01-10,2022,2023-12-11,2023,Townhouse,TRICO HOMES,0,TRICO HOMES,64,13683507,SAGE HILL,SGH,4471500,31002500,26531000,129000,"[-114.13918504444445, 51.17323838111111]",15.04181402,0.180043895,213804.7969,0.171775829,1.468926202,0.71,2
209,819 SHAWNEE TC SW,2022-02-08,2022,2022-09-06,2022,Townhouse,CARDEL HOMES,0,CARDEL HOMES,3,771776,SHAWNEE SLOPES,SHS,1372500,1633000,260500,100000,"[-114.0865605, 50.9237967]",13.48672508,0.282990782,257258.6667,0.114810571,0.596831095,-0.24,0
139,406 SHAWNEE SQ SW,2023-03-10,2023,2023-12-22,2023,Townhouse,NORR ARCHITECTS ENGINEERS PLANNERS,NORR ARCHITECTS ENGINEERS PLANNERS,0,6,1341370,SHAWNEE SLOPES,SHS,332000,4551000,4219000,100000,"[-114.0832925, 50.92187523]",13.68451792,0.115944122,223561.6667,0.151424369,0.488924743,1.72,2
160,#1 136 21 AV NE,2020-08-13,2020,2021-11-08,2021,Townhouse,PROFESSIONAL CUSTOM HOMES,PROFESSIONAL CUSTOM HOMES,PEAK CONTRACTING SERVICES,3,1098327,TUXEDO PARK,TUX,424000,1428000,1004000,80000,"[-114.0603565, 51.07164371]",3.098870212,0.167305534,366109,0.53490291,0.322142871,-0.06,0
50,3028B 85 ST SW,2020-04-27,2020,2022-03-22,2022,Unspecified,TRUMAN HOMES 1995,TRUMAN HOMES 1995,TRUMAN HOMES 1995,52,8774755,SPRINGBANK HILL,SPH,1290000,26111000,24821000,160000,"[-114.21051307, 51.026443396999994]",9.904554004,0.705048018,168745.2885,0.301558405,1.21188132,1.59,2
87,#110 6527 36 AV NW,2019-05-28,2019,2023-07-19,2023,Townhouse,FORMED ALLIANCE ARCHITECTURE STUDIO,FORMED ALLIANCE ARCHITECTURE STUDIO,ONYX HOMES,34,5806351,BOWNESS,BOW,5185000,30040000,24855000,70000,"[-114.1842037, 51.08558538]",9.068595502,0.183192418,170775.0294,0.177113335,0.402957215,1.73,2
74,#22 1426 23 AV NW,2018-11-23,2018,2020-09-09,2020,Townhouse,JACKSON MCCORMICK DESIGN GROUP,JACKSON MCCORMICK DESIGN GROUP,0,24,5491540,CAPITOL HILL,CAP,1406000,27040000,25634000,81000,"[-114.0935569, 51.07331876]",3.521058269,0.109735666,228814.1667,0.277473808,0.51350463,2.92,2
6,#1 2114 4 AV NW,2018-10-16,2018,2020-09-11,2020,Townhouse,SINCLAIR SIGNATURE HOMES,SINCLAIR SIGNATURE HOMES,SINCLAIR SIGNATURE HOMES,15,3924823,HILLHURST,HIL,2580000,5643000,3063000,109000,"[-114.10846683333334, 51.056866706666675]",2.891322994,0.049671112,261654.8667,0.184723662,0.462644007,-0.13,0
48,7 WOLF CREEK DR SE,2021-12-21,2021,2023-04-17,2023,Townhouse,ALLISTON AT HOME,ALLISTON AT HOME,0,18,3945239,WOLF WILLOW,WWO,1470500,9004000,7533500,112000,"[-114.00922735, 50.87689972]",19.17121572,0.104173144,219179.9444,0.259903758,1.651847232,0.66,2
21,156 WOLF HOLLOW PA SE,2019-04-05,2019,2022-07-25,2022,Unspecified,STEPPER HOMES,0,STEPPER HOMES,71,13993700,WOLF WILLOW,WWO,1761000,24476500,22715500,112000,"[-113.99901075, 50.874440468125]",19.61147751,0.341799367,197094.3662,0.023942863,1.602182113,0.55,1
58,59 WOLF CREEK AV SE,2020-04-08,2020,2023-10-19,2023,Unspecified,LOOK MASTER BUILDER CALGARY,LOOK MASTER BUILDER CALGARY,0,64,17906580,WOLF WILLOW,WWO,3802000,199725410,195923410,112000,"[-114.00658922, 50.87508383666667]",19.410545,0.017359596,279790.3125,0.033770975,1.880204622,8.20,2
35,863 CRANSTON AV SE,2017-08-31,2017,2023-10-16,2023,Unspecified,BROOKFIELD RESIDENTIAL (ALBERTA),0,BROOKFIELD RESIDENTIAL (ALBERTA),141,24145078,CRANSTON,CRA,4763000,50132910,45369910,121000,"[-113.97663830869564, 50.865634005217395]",21.00267357,0.18828309,171241.6879,0.129083023,1.143181417,0.73,2
0,#406 5030 84 AV NE,2022-11-16,2022,2023-11-27,2023,Townhouse,RICK BALBI ARCHITECT,RICK BALBI ARCHITECT,0,30,4333200,SADDLE RIDGE,SAD,3400000,77760000,74360000,98000,"[-113.9623052, 51.12897805]",12.09669336,0.270040718,144440,0.381898976,0.284760248,9.06,2
10,10 YORKVILLE RD SW,2021-05-26,2021,2022-06-21,2022,Unspecified,MATTAMY HOMES CALGARY,MATTAMY HOMES CALGARY,MATTAMY HOMES CALGARY,8,1458451,YORKVILLE,YKV,703000,3397000,2694000,112000,"[-114.077594, 50.8747358]",18.90709467,0.470263989,182306.375,0.104952439,0.8940685,0.57,1
